transaction_id,customer_id,beneficiary_id,amount,timestamp,country,channel,device_id,merchant_category
T001020,C074,B006,1170.23,2025-01-01 00:12:54,USA,IMPS,DEV-02-C074,Dining
T000649,C045,B172,29777.28,2025-01-01 03:24:24,Nigeria,SWIFT,DEV-03-C045,Dining
T001179,C087,B100,56995.66,2025-01-01 03:41:01,India,NEFT,DEV-02-C087,Utilities
T000087,C005,B224,2668.67,2025-01-01 03:56:27,USA,RTGS,DEV-03-C005,Electronics
T001670,C120,B251,12389.46,2025-01-01 04:51:36,India,RTGS,DEV-02-C120,Utilities
T000900,C066,B087,47870.85,2025-01-01 11:15:32,Singapore,IMPS,DEV-01-C066,Healthcare
T001549,C112,B024,4367.47,2025-01-01 12:29:31,Singapore,RTGS,DEV-03-C112,Healthcare
T002011,C146,B223,11041.72,2025-01-01 13:32:19,Singapore,Cash Deposit,DEV-01-C146,Utilities
T001594,C116,B010,1307.42,2025-01-01 13:37:28,UK,NEFT,DEV-01-C116,Travel
T000266,C016,B180,12258.2,2025-01-01 14:13:39,UAE,IMPS,DEV-03-C016,Healthcare
T000441,C029,B128,22060.1,2025-01-01 15:54:55,Singapore,SWIFT,DEV-01-C029,Entertainment
T001718,C125,B108,24265.14,2025-01-01 16:37:36,UAE,Cash Deposit,DEV-02-C125,Utilities
T001322,C094,B004,2331.05,2025-01-01 16:49:59,UAE,NEFT,DEV-03-C094,Crypto Exchange
T000277,C016,B062,33018.73,2025-01-01 18:00:43,UK,Cash Deposit,DEV-02-C016,Travel
T000065,C004,B271,16174.11,2025-01-01 18:13:44,Nigeria,RTGS,DEV-02-C004,Utilities
T001045,C076,B125,2478.95,2025-01-01 20:48:29,India,RTGS,DEV-03-C076,Entertainment
T001022,C074,B154,12023.14,2025-01-01 21:16:49,UK,UPI,DEV-03-C074,Electronics
T001983,C145,B133,14082.86,2025-01-01 22:07:50,Nigeria,RTGS,DEV-03-C145,Travel
T000072,C004,B288,16696.48,2025-01-01 22:31:55,India,NEFT,DEV-03-C004,Travel
T001977,C145,B141,4047.49,2025-01-01 22:58:59,India,SWIFT,DEV-01-C145,Healthcare
T001828,C134,B020,17144.45,2025-01-02 01:01:11,Singapore,NEFT,DEV-03-C134,Travel
T001161,C086,B130,8417.36,2025-01-02 04:26:46,UK,SWIFT,DEV-02-C086,Jewelry
T000630,C045,B062,17241.54,2025-01-02 05:30:41,Nigeria,IMPS,DEV-03-C045,Groceries
T000856,C063,B028,12115.04,2025-01-02 06:12:40,Nigeria,UPI,DEV-01-C063,Crypto Exchange
T002018,C146,B257,4819.78,2025-01-02 07:48:15,Nigeria,IMPS,DEV-01-C146,Fuel
T001348,C096,B143,17169.33,2025-01-02 09:47:47,Nigeria,SWIFT,DEV-03-C096,Electronics
T001844,C135,B089,37415.63,2025-01-02 10:56:23,UK,Cash Deposit,DEV-02-C135,Groceries
T000242,C014,B166,2936.43,2025-01-02 12:46:21,UAE,UPI,DEV-01-C014,Travel
T001909,C140,B165,4117.51,2025-01-02 14:45:05,Nigeria,UPI,DEV-01-C140,Fuel
T000621,C043,B038,10279.73,2025-01-02 14:53:20,USA,NEFT,DEV-01-C043,Dining
T000882,C064,B162,14037.25,2025-01-02 15:21:31,UK,Cash Deposit,DEV-01-C064,Jewelry
T001467,C108,B280,27744.44,2025-01-02 17:10:29,India,SWIFT,DEV-01-C108,Healthcare
T001190,C087,B275,13865.83,2025-01-02 19:37:01,UAE,RTGS,DEV-03-C087,Fuel
T000280,C017,B224,12055.36,2025-01-02 19:40:15,UK,NEFT,DEV-02-C017,Crypto Exchange
T000031,C002,B251,16968.35,2025-01-02 21:23:02,India,UPI,DEV-02-C002,Electronics
T000687,C050,B113,7381.0,2025-01-02 22:26:08,USA,SWIFT,DEV-01-C050,Fuel
T001483,C108,B137,4225.14,2025-01-02 23:32:26,Nigeria,SWIFT,DEV-03-C108,Groceries
T001574,C115,B046,36864.6,2025-01-02 23:47:47,UAE,IMPS,DEV-02-C115,Healthcare
T002070,C150,B197,15145.45,2025-01-03 00:16:17,India,NEFT,DEV-03-C150,Groceries
T000212,C013,B152,6484.64,2025-01-03 03:07:22,Nigeria,SWIFT,DEV-02-C013,Groceries
T001031,C074,B274,14486.25,2025-01-03 03:34:07,UAE,NEFT,DEV-02-C074,Dining
T000392,C024,B255,4741.56,2025-01-03 06:00:16,India,SWIFT,DEV-03-C024,Entertainment
T001281,C092,B018,18138.16,2025-01-03 07:13:33,USA,NEFT,DEV-01-C092,Crypto Exchange
T000001,C001,B058,19149.44,2025-01-03 10:16:45,Nigeria,UPI,DEV-01-C001,Electronics
T000226,C014,B242,43612.77,2025-01-03 10:18:41,USA,RTGS,DEV-02-C014,Crypto Exchange
T001566,C114,B169,23633.29,2025-01-03 12:29:46,Singapore,Cash Deposit,DEV-03-C114,Utilities
T000264,C016,B286,8572.43,2025-01-03 13:10:33,USA,Cash Deposit,DEV-03-C016,Dining
T000323,C020,B179,17132.84,2025-01-03 14:08:45,UK,NEFT,DEV-02-C020,Jewelry
T001826,C134,B237,39222.42,2025-01-03 14:15:25,India,Cash Deposit,DEV-03-C134,Entertainment
T001807,C132,B251,21454.1,2025-01-03 14:32:17,UAE,IMPS,DEV-01-C132,Healthcare
T000750,C054,B146,20538.7,2025-01-03 15:57:51,UK,NEFT,DEV-01-C054,Crypto Exchange
T001648,C119,B012,1730.03,2025-01-03 16:59:28,USA,RTGS,DEV-02-C119,Electronics
T001668,C120,B249,19009.4,2025-01-03 17:11:34,UAE,IMPS,DEV-03-C120,Healthcare
T000137,C008,B173,28038.5,2025-01-03 18:52:33,UK,UPI,DEV-01-C008,Entertainment
T000744,C054,B292,11494.02,2025-01-03 19:27:14,UAE,IMPS,DEV-01-C054,Groceries
T001761,C127,B184,4874.37,2025-01-03 21:56:45,USA,NEFT,DEV-01-C127,Dining
T000576,C038,B290,13958.72,2025-01-03 23:54:38,UAE,UPI,DEV-01-C038,Dining
T000163,C009,B150,5548.3,2025-01-04 04:03:22,UAE,UPI,DEV-03-C009,Dining
T000745,C054,B128,13927.01,2025-01-04 05:03:40,UK,NEFT,DEV-02-C054,Electronics
T000217,C013,B226,13588.08,2025-01-04 05:44:41,USA,UPI,DEV-03-C013,Travel
T001947,C143,B126,5640.01,2025-01-04 07:12:32,India,IMPS,DEV-02-C143,Entertainment
T001014,C073,B015,16286.86,2025-01-04 09:55:01,Nigeria,UPI,DEV-02-C073,Entertainment
T001304,C093,B072,13854.03,2025-01-04 11:10:58,UAE,NEFT,DEV-03-C093,Crypto Exchange
T000825,C060,B212,11953.88,2025-01-04 11:29:40,USA,RTGS,DEV-01-C060,Utilities
T001170,C086,B185,6018.38,2025-01-04 11:30:48,India,UPI,DEV-02-C086,Fuel
T000200,C012,B278,8753.06,2025-01-04 11:39:03,USA,NEFT,DEV-01-C012,Dining
T000073,C004,B280,28961.7,2025-01-04 11:57:05,Singapore,RTGS,DEV-03-C004,Travel
T000344,C021,B130,8729.1,2025-01-04 13:19:57,Nigeria,IMPS,DEV-02-C021,Fuel
T000544,C037,B279,4134.51,2025-01-04 13:40:08,Singapore,Cash Deposit,DEV-03-C037,Crypto Exchange
T001717,C125,B186,7284.03,2025-01-04 13:44:27,Singapore,SWIFT,DEV-03-C125,Crypto Exchange
T001607,C116,B149,12868.79,2025-01-04 14:15:22,UK,SWIFT,DEV-02-C116,Jewelry
T000735,C053,B243,11606.76,2025-01-04 15:18:04,UAE,UPI,DEV-02-C053,Travel
T000294,C019,B232,20033.76,2025-01-04 15:37:52,India,UPI,DEV-02-C019,Utilities
T001294,C093,B001,4892.95,2025-01-04 16:09:48,Nigeria,SWIFT,DEV-02-C093,Travel
T000879,C064,B170,10724.63,2025-01-04 16:16:53,India,NEFT,DEV-01-C064,Travel
T000686,C050,B252,4170.93,2025-01-04 16:27:42,India,NEFT,DEV-01-C050,Crypto Exchange
T000736,C053,B206,6952.03,2025-01-04 18:22:11,UK,UPI,DEV-03-C053,Electronics
T000622,C043,B111,48338.58,2025-01-04 20:48:11,India,SWIFT,DEV-03-C043,Dining
T000863,C063,B080,14841.97,2025-01-04 21:04:05,UAE,UPI,DEV-03-C063,Groceries
T000913,C067,B184,14537.73,2025-01-04 22:11:06,UAE,SWIFT,DEV-01-C067,Utilities
T002038,C148,B062,30484.13,2025-01-04 23:37:39,USA,Cash Deposit,DEV-01-C148,Electronics
T001092,C079,B269,33161.92,2025-01-04 23:57:41,Singapore,RTGS,DEV-03-C079,Travel
T000380,C023,B289,11897.27,2025-01-04 23:59:22,India,NEFT,DEV-01-C023,Crypto Exchange
T002124,C920,B600,5000.0,2025-01-05 00:00:00,Nigeria,IMPS,DEV-03-C920,Jewelry
T001409,C101,B252,9470.62,2025-01-05 02:24:35,Singapore,RTGS,DEV-02-C101,Entertainment
T000352,C022,B229,35521.29,2025-01-05 02:41:40,Nigeria,UPI,DEV-03-C022,Healthcare
T001333,C096,B233,1910.87,2025-01-05 04:56:13,India,Cash Deposit,DEV-01-C096,Jewelry
T001570,C114,B169,12799.39,2025-01-05 06:10:15,Nigeria,RTGS,DEV-02-C114,Fuel
T001846,C135,B189,3616.99,2025-01-05 06:23:06,India,IMPS,DEV-02-C135,Dining
T000070,C004,B142,58383.98,2025-01-05 06:43:46,India,UPI,DEV-01-C004,Dining
T000718,C052,B229,10325.18,2025-01-05 07:57:53,Singapore,SWIFT,DEV-02-C052,Dining
T001590,C115,B202,18014.3,2025-01-05 09:27:37,India,SWIFT,DEV-03-C115,Dining
T000402,C025,B021,4136.52,2025-01-05 09:33:52,India,IMPS,DEV-03-C025,Fuel
T002045,C149,B149,8257.19,2025-01-05 09:53:42,USA,NEFT,DEV-03-C149,Electronics
T000151,C008,B141,25237.03,2025-01-05 10:03:33,India,RTGS,DEV-02-C008,Travel
T000489,C033,B212,8264.69,2025-01-05 10:31:28,USA,IMPS,DEV-03-C033,Travel
T000330,C021,B063,5396.71,2025-01-05 15:15:51,UAE,SWIFT,DEV-03-C021,Crypto Exchange
T001837,C134,B003,5543.73,2025-01-05 17:23:49,UK,IMPS,DEV-01-C134,Fuel
T001165,C086,B107,20847.12,2025-01-05 17:59:20,UAE,IMPS,DEV-01-C086,Fuel
T000803,C058,B238,9908.14,2025-01-05 20:41:43,India,IMPS,DEV-01-C058,Dining
T000102,C006,B238,18067.03,2025-01-05 21:01:02,USA,IMPS,DEV-01-C006,Entertainment
T000237,C014,B011,13824.46,2025-01-05 21:51:23,Singapore,IMPS,DEV-01-C014,Crypto Exchange
T000426,C027,B125,4003.26,2025-01-05 22:17:31,Nigeria,RTGS,DEV-01-C027,Electronics
T000397,C024,B206,9941.95,2025-01-05 23:12:21,USA,RTGS,DEV-01-C024,Fuel
T000602,C040,B085,35135.59,2025-01-06 00:40:23,UK,Cash Deposit,DEV-02-C040,Electronics
T002031,C147,B001,27042.01,2025-01-06 01:28:23,Nigeria,Cash Deposit,DEV-02-C147,Electronics
T001269,C092,B060,4961.61,2025-01-06 02:23:16,UAE,SWIFT,DEV-02-C092,Entertainment
T001330,C095,B142,12837.14,2025-01-06 03:39:35,UAE,NEFT,DEV-01-C095,Entertainment
T001237,C091,B282,10941.33,2025-01-06 03:47:44,India,Cash Deposit,DEV-03-C091,Fuel
T000771,C056,B241,11762.15,2025-01-06 05:04:34,Nigeria,RTGS,DEV-03-C056,Crypto Exchange
T001299,C093,B206,21884.1,2025-01-06 08:36:46,Nigeria,Cash Deposit,DEV-01-C093,Fuel
T001399,C101,B262,12079.16,2025-01-06 10:36:01,Nigeria,UPI,DEV-02-C101,Travel
T002137,C930,B709,8864.59,2025-01-06 12:57:22,Nigeria,IMPS,DEV-03-C930,Jewelry
T001809,C133,B233,15869.39,2025-01-06 13:52:32,Singapore,RTGS,DEV-01-C133,Travel
T002003,C146,B250,5523.61,2025-01-06 13:58:37,Singapore,NEFT,DEV-03-C146,Entertainment
T001934,C142,B193,9978.46,2025-01-06 17:02:35,Singapore,IMPS,DEV-03-C142,Electronics
T000588,C039,B211,40317.02,2025-01-06 18:08:46,Singapore,Cash Deposit,DEV-01-C039,Travel
T000689,C050,B166,30817.42,2025-01-06 18:46:31,India,IMPS,DEV-03-C050,Travel
T001854,C135,B041,8656.27,2025-01-06 19:37:50,UAE,UPI,DEV-02-C135,Dining
T000996,C072,B084,39619.37,2025-01-06 19:53:41,UAE,UPI,DEV-02-C072,Utilities
T001112,C081,B088,17302.41,2025-01-06 20:03:59,Singapore,IMPS,DEV-03-C081,Crypto Exchange
T001700,C123,B001,16938.16,2025-01-06 20:13:04,UK,UPI,DEV-03-C123,Dining
T000045,C002,B051,12966.74,2025-01-06 21:14:15,UK,Cash Deposit,DEV-02-C002,Utilities
T001692,C122,B138,7266.46,2025-01-06 21:16:57,Singapore,SWIFT,DEV-03-C122,Healthcare
T000473,C032,B141,9447.45,2025-01-06 22:02:29,USA,RTGS,DEV-03-C032,Travel
T000674,C049,B246,2801.5,2025-01-06 22:05:29,India,UPI,DEV-02-C049,Travel
T001900,C139,B005,53266.74,2025-01-06 22:16:18,Singapore,NEFT,DEV-03-C139,Crypto Exchange
T000111,C007,B213,5049.5,2025-01-07 01:05:22,UAE,SWIFT,DEV-02-C007,Crypto Exchange
T000331,C021,B235,13524.46,2025-01-07 02:21:04,India,SWIFT,DEV-03-C021,Jewelry
T001731,C126,B160,1737.72,2025-01-07 02:26:14,Nigeria,Cash Deposit,DEV-01-C126,Groceries
T001318,C094,B172,3674.22,2025-01-07 03:19:03,India,UPI,DEV-01-C094,Healthcare
T000530,C036,B075,8353.79,2025-01-07 03:25:23,UAE,SWIFT,DEV-02-C036,Healthcare
T000110,C006,B110,6295.36,2025-01-07 05:39:50,UK,SWIFT,DEV-02-C006,Jewelry
T001456,C106,B087,20523.08,2025-01-07 06:47:10,Singapore,IMPS,DEV-02-C106,Electronics
T001191,C087,B182,15204.92,2025-01-07 10:17:15,UAE,UPI,DEV-01-C087,Fuel
T000555,C037,B164,7463.85,2025-01-07 12:31:39,Singapore,NEFT,DEV-03-C037,Utilities
T000356,C022,B065,22321.39,2025-01-07 12:39:54,UAE,Cash Deposit,DEV-02-C022,Fuel
T001850,C135,B247,5294.05,2025-01-07 13:19:04,Singapore,NEFT,DEV-03-C135,Crypto Exchange
T002043,C149,B224,30287.03,2025-01-07 13:46:20,UK,SWIFT,DEV-03-C149,Jewelry
T000609,C041,B074,9929.43,2025-01-07 15:24:38,USA,RTGS,DEV-01-C041,Crypto Exchange
T000238,C014,B106,9204.31,2025-01-07 15:52:23,USA,IMPS,DEV-03-C014,Electronics
T000131,C008,B190,21255.8,2025-01-07 16:40:51,USA,Cash Deposit,DEV-02-C008,Groceries
T001289,C093,B226,10288.13,2025-01-07 17:42:36,UK,IMPS,DEV-03-C093,Healthcare
T002067,C150,B097,7230.41,2025-01-07 17:50:23,UAE,NEFT,DEV-02-C150,Electronics
T000039,C002,B004,8971.48,2025-01-07 21:25:33,Nigeria,Cash Deposit,DEV-01-C002,Electronics
T000164,C009,B233,18698.0,2025-01-07 21:51:39,Nigeria,IMPS,DEV-02-C009,Crypto Exchange
T001101,C080,B125,9709.8,2025-01-07 22:56:33,Singapore,SWIFT,DEV-02-C080,Crypto Exchange
T001243,C091,B006,26680.5,2025-01-07 23:10:49,Nigeria,NEFT,DEV-01-C091,Entertainment
T001873,C137,B247,29796.31,2025-01-07 23:37:53,Singapore,IMPS,DEV-03-C137,Entertainment
T001547,C112,B132,12705.55,2025-01-08 02:13:54,India,RTGS,DEV-01-C112,Groceries
T000894,C066,B282,15239.89,2025-01-08 02:26:21,Singapore,Cash Deposit,DEV-01-C066,Dining
T001969,C144,B217,15884.95,2025-01-08 05:16:14,USA,UPI,DEV-02-C144,Healthcare
T001730,C126,B217,9966.92,2025-01-08 05:27:31,UAE,IMPS,DEV-01-C126,Fuel
T000128,C008,B102,19374.76,2025-01-08 09:05:04,USA,Cash Deposit,DEV-03-C008,Electronics
T001824,C134,B189,31348.05,2025-01-08 10:20:10,India,RTGS,DEV-02-C134,Healthcare
T001565,C114,B214,42627.73,2025-01-08 11:02:22,UAE,SWIFT,DEV-03-C114,Utilities
T001833,C134,B087,13330.09,2025-01-08 12:47:12,Nigeria,NEFT,DEV-03-C134,Dining
T001434,C104,B058,16446.82,2025-01-08 13:08:10,India,SWIFT,DEV-02-C104,Groceries
T001089,C079,B196,2125.34,2025-01-08 14:51:56,India,UPI,DEV-02-C079,Healthcare
T000822,C060,B121,62295.12,2025-01-08 15:41:18,UK,SWIFT,DEV-03-C060,Entertainment
T000723,C053,B154,22065.25,2025-01-08 15:58:42,UK,Cash Deposit,DEV-01-C053,Jewelry
T000625,C044,B159,12607.43,2025-01-08 16:08:00,USA,IMPS,DEV-01-C044,Jewelry
T000350,C021,B053,43627.0,2025-01-08 18:34:26,Singapore,Cash Deposit,DEV-02-C021,Dining
T001568,C114,B015,10655.46,2025-01-08 20:53:27,UK,Cash Deposit,DEV-03-C114,Entertainment
T001710,C124,B276,16798.09,2025-01-08 21:05:25,Nigeria,Cash Deposit,DEV-01-C124,Jewelry
T000715,C052,B150,3413.66,2025-01-08 22:55:29,UK,NEFT,DEV-02-C052,Healthcare
T001096,C080,B173,21168.88,2025-01-09 00:20:38,UK,RTGS,DEV-03-C080,Groceries
T001830,C134,B035,28240.22,2025-01-09 00:21:08,USA,Cash Deposit,DEV-01-C134,Entertainment
T000321,C020,B146,14247.77,2025-01-09 03:26:35,UAE,UPI,DEV-02-C020,Jewelry
T001533,C111,B102,4733.46,2025-01-09 04:39:49,UK,UPI,DEV-01-C111,Healthcare
T001303,C093,B250,19201.43,2025-01-09 05:44:38,Nigeria,SWIFT,DEV-03-C093,Electronics
T001736,C126,B064,18451.93,2025-01-09 07:18:37,India,NEFT,DEV-02-C126,Fuel
T000720,C052,B050,14851.19,2025-01-09 07:42:45,Nigeria,UPI,DEV-03-C052,Healthcare
T001545,C112,B235,10858.67,2025-01-09 07:47:08,India,SWIFT,DEV-01-C112,Fuel
T000552,C037,B213,7496.58,2025-01-09 08:03:22,India,Cash Deposit,DEV-01-C037,Fuel
T000628,C044,B126,12516.95,2025-01-09 08:53:25,UK,NEFT,DEV-02-C044,Crypto Exchange
T000644,C045,B168,4652.48,2025-01-09 09:17:34,USA,SWIFT,DEV-01-C045,Fuel
T000961,C070,B081,12128.29,2025-01-09 10:21:30,Singapore,SWIFT,DEV-02-C070,Healthcare
T001597,C116,B155,7557.34,2025-01-09 12:12:16,UAE,IMPS,DEV-01-C116,Electronics
T001924,C141,B149,33388.26,2025-01-09 12:18:36,India,NEFT,DEV-02-C141,Crypto Exchange
T000364,C022,B228,28127.44,2025-01-09 12:34:02,Nigeria,UPI,DEV-03-C022,Fuel
T001117,C082,B273,10398.92,2025-01-09 13:06:10,UAE,IMPS,DEV-03-C082,Entertainment
T001406,C101,B193,20634.2,2025-01-09 14:05:57,India,SWIFT,DEV-03-C101,Dining
T002132,C930,B709,5179.97,2025-01-09 15:55:09,India,IMPS,DEV-03-C930,Entertainment
T001235,C091,B177,16272.14,2025-01-09 16:03:17,USA,NEFT,DEV-03-C091,Jewelry
T001703,C124,B154,15534.04,2025-01-09 17:03:04,UK,Cash Deposit,DEV-01-C124,Travel
T000801,C058,B077,36168.74,2025-01-09 17:54:28,USA,NEFT,DEV-03-C058,Utilities
T001439,C104,B015,11344.91,2025-01-09 19:31:52,UAE,Cash Deposit,DEV-02-C104,Crypto Exchange
T001154,C085,B064,30608.26,2025-01-09 20:29:27,India,Cash Deposit,DEV-02-C085,Fuel
T000256,C015,B035,2343.91,2025-01-09 20:34:08,India,NEFT,DEV-02-C015,Utilities
T000171,C010,B014,16451.05,2025-01-09 20:48:25,UAE,Cash Deposit,DEV-03-C010,Crypto Exchange
T001658,C119,B042,35926.73,2025-01-09 22:57:17,India,SWIFT,DEV-01-C119,Entertainment
T000008,C001,B053,19758.52,2025-01-10 00:06:48,UK,NEFT,DEV-02-C001,Fuel
T000526,C036,B284,9233.64,2025-01-10 00:51:19,USA,RTGS,DEV-02-C036,Healthcare
T001990,C145,B123,3147.19,2025-01-10 02:10:55,UAE,RTGS,DEV-01-C145,Utilities
T001083,C079,B080,16774.63,2025-01-10 03:42:17,India,SWIFT,DEV-02-C079,Travel
T000303,C019,B169,14385.77,2025-01-10 04:12:53,USA,Cash Deposit,DEV-02-C019,Dining
T001490,C109,B297,21649.34,2025-01-10 04:44:43,USA,UPI,DEV-02-C109,Utilities
T001848,C135,B129,22035.94,2025-01-10 04:46:15,USA,UPI,DEV-03-C135,Healthcare
T001979,C145,B251,6560.65,2025-01-10 06:37:32,USA,UPI,DEV-03-C145,Crypto Exchange
T000653,C046,B298,11624.54,2025-01-10 06:42:38,USA,IMPS,DEV-03-C046,Healthcare
T000875,C064,B043,11338.48,2025-01-10 07:35:40,UAE,RTGS,DEV-03-C064,Groceries
T001061,C078,B057,10835.12,2025-01-10 08:17:36,USA,Cash Deposit,DEV-01-C078,Groceries
T001901,C139,B022,24784.24,2025-01-10 09:39:28,UAE,RTGS,DEV-01-C139,Healthcare
T001891,C139,B001,11871.78,2025-01-10 09:43:30,India,Cash Deposit,DEV-02-C139,Jewelry
T002034,C147,B058,14100.22,2025-01-10 09:45:48,Nigeria,NEFT,DEV-03-C147,Jewelry
T001215,C090,B240,36268.57,2025-01-10 10:38:21,UK,UPI,DEV-03-C090,Entertainment
T000767,C055,B151,17803.03,2025-01-10 11:25:53,UK,IMPS,DEV-03-C055,Dining
T001228,C090,B285,5693.89,2025-01-10 11:33:00,UK,IMPS,DEV-02-C090,Healthcare
T000941,C069,B295,5895.5,2025-01-10 11:41:48,UK,IMPS,DEV-02-C069,Entertainment
T000048,C003,B282,10477.48,2025-01-10 12:08:37,India,Cash Deposit,DEV-03-C003,Groceries
T001657,C119,B233,14321.11,2025-01-10 12:19:41,UAE,Cash Deposit,DEV-02-C119,Healthcare
T002039,C148,B229,58992.79,2025-01-10 13:50:30,India,RTGS,DEV-03-C148,Fuel
T001689,C122,B200,29244.12,2025-01-10 14:05:26,Singapore,IMPS,DEV-02-C122,Fuel
T001063,C078,B099,21904.47,2025-01-10 14:06:45,India,RTGS,DEV-03-C078,Healthcare
T000598,C040,B024,27864.77,2025-01-10 16:01:33,Nigeria,SWIFT,DEV-01-C040,Utilities
T001462,C107,B016,33713.47,2025-01-10 16:05:33,Nigeria,NEFT,DEV-01-C107,Entertainment
T000196,C011,B226,11871.47,2025-01-10 16:20:42,USA,SWIFT,DEV-01-C011,Travel
T000062,C003,B289,9443.69,2025-01-10 16:58:23,India,RTGS,DEV-01-C003,Jewelry
T000427,C027,B027,19426.12,2025-01-10 17:28:41,UK,UPI,DEV-03-C027,Entertainment
T000149,C008,B145,7660.01,2025-01-10 18:14:34,UAE,UPI,DEV-01-C008,Fuel
T001070,C078,B050,19203.79,2025-01-10 19:52:17,Nigeria,IMPS,DEV-03-C078,Healthcare
T001847,C135,B256,11853.2,2025-01-10 21:14:34,Nigeria,RTGS,DEV-03-C135,Travel
T000152,C008,B252,49453.81,2025-01-10 23:02:47,India,RTGS,DEV-02-C008,Entertainment
T001605,C116,B005,108881.86,2025-01-10 23:13:24,Nigeria,Cash Deposit,DEV-02-C116,Healthcare
T000288,C018,B121,14148.46,2025-01-10 23:33:06,UAE,UPI,DEV-01-C018,Travel
T000916,C068,B166,27887.85,2025-01-11 00:31:54,Nigeria,RTGS,DEV-03-C068,Dining
T001292,C093,B133,18178.62,2025-01-11 00:40:35,India,NEFT,DEV-01-C093,Crypto Exchange
T000810,C059,B082,8172.45,2025-01-11 01:40:08,UK,RTGS,DEV-02-C059,Crypto Exchange
T001011,C073,B043,13554.65,2025-01-11 02:10:14,Singapore,RTGS,DEV-01-C073,Utilities
T001806,C132,B088,13814.11,2025-01-11 03:04:02,Nigeria,RTGS,DEV-01-C132,Groceries
T002138,C930,B700,3927.37,2025-01-11 05:21:43,Singapore,SWIFT,DEV-01-C930,Crypto Exchange
T001929,C141,B114,10233.06,2025-01-11 08:21:47,UK,NEFT,DEV-03-C141,Entertainment
T000502,C034,B092,8670.1,2025-01-11 09:21:58,India,RTGS,DEV-01-C034,Electronics
T001435,C104,B101,40991.91,2025-01-11 11:13:57,India,Cash Deposit,DEV-03-C104,Crypto Exchange
T002017,C146,B057,6588.86,2025-01-11 11:22:39,India,IMPS,DEV-01-C146,Fuel
T000903,C066,B283,7712.7,2025-01-11 13:35:54,UAE,Cash Deposit,DEV-03-C066,Utilities
T000425,C027,B071,1925.94,2025-01-11 14:30:58,USA,Cash Deposit,DEV-03-C027,Electronics
T001174,C086,B030,20583.62,2025-01-11 14:41:33,USA,Cash Deposit,DEV-03-C086,Jewelry
T000545,C037,B044,34493.72,2025-01-11 14:50:57,UAE,Cash Deposit,DEV-03-C037,Fuel
T002029,C147,B156,11918.47,2025-01-11 16:26:47,Singapore,UPI,DEV-02-C147,Fuel
T001363,C098,B027,6766.24,2025-01-11 18:34:14,UK,UPI,DEV-02-C098,Crypto Exchange
T001196,C087,B090,2544.46,2025-01-11 21:31:04,Singapore,NEFT,DEV-01-C087,Utilities
T001106,C081,B044,25798.42,2025-01-11 21:50:42,Nigeria,NEFT,DEV-01-C081,Crypto Exchange
T001102,C080,B046,6838.04,2025-01-11 22:12:48,Nigeria,SWIFT,DEV-02-C080,Fuel
T001043,C076,B112,23582.76,2025-01-11 23:08:32,UAE,Cash Deposit,DEV-02-C076,Fuel
T000813,C059,B250,19074.08,2025-01-11 23:09:48,UK,SWIFT,DEV-01-C059,Utilities
T000360,C022,B128,8719.77,2025-01-12 00:21:15,India,Cash Deposit,DEV-01-C022,Entertainment
T000273,C016,B263,11178.9,2025-01-12 01:12:50,Singapore,SWIFT,DEV-01-C016,Dining
T001622,C117,B221,15676.09,2025-01-12 01:34:03,USA,IMPS,DEV-01-C117,Jewelry
T000829,C060,B232,39085.0,2025-01-12 01:41:37,India,Cash Deposit,DEV-01-C060,Groceries
T001227,C090,B250,11457.28,2025-01-12 02:23:29,USA,RTGS,DEV-02-C090,Fuel
T001206,C088,B141,4106.0,2025-01-12 02:42:43,India,RTGS,DEV-03-C088,Jewelry
T000282,C017,B149,6947.98,2025-01-12 04:22:24,UK,NEFT,DEV-02-C017,Travel
T000086,C004,B262,4233.1,2025-01-12 05:28:27,UK,RTGS,DEV-01-C004,Dining
T000229,C014,B253,3817.92,2025-01-12 06:34:49,India,IMPS,DEV-03-C014,Travel
T002055,C149,B274,11545.76,2025-01-12 06:43:49,India,Cash Deposit,DEV-02-C149,Crypto Exchange
T001602,C116,B012,33426.14,2025-01-12 07:22:07,UAE,IMPS,DEV-03-C116,Entertainment
T000228,C014,B210,19086.46,2025-01-12 07:52:28,UAE,NEFT,DEV-01-C014,Dining
T001884,C138,B007,15455.88,2025-01-12 08:00:07,India,Cash Deposit,DEV-03-C138,Healthcare
T000568,C038,B157,10939.95,2025-01-12 08:30:38,UAE,UPI,DEV-03-C038,Travel
T000967,C071,B175,20752.11,2025-01-12 08:39:02,USA,UPI,DEV-03-C071,Crypto Exchange
T001665,C120,B190,6275.17,2025-01-12 12:44:41,USA,SWIFT,DEV-01-C120,Utilities
T002052,C149,B283,13744.9,2025-01-12 13:31:51,UAE,IMPS,DEV-01-C149,Jewelry
T000725,C053,B076,6751.64,2025-01-12 16:16:37,UK,IMPS,DEV-01-C053,Electronics
T002024,C147,B118,1308.62,2025-01-12 16:41:41,UAE,SWIFT,DEV-01-C147,Dining
T000146,C008,B119,19258.41,2025-01-12 17:08:54,Nigeria,IMPS,DEV-02-C008,Utilities
T001316,C094,B167,14869.75,2025-01-12 17:29:24,Nigeria,RTGS,DEV-03-C094,Travel
T000037,C002,B232,6408.38,2025-01-12 17:57:36,UAE,IMPS,DEV-01-C002,Fuel
T000182,C011,B249,11352.22,2025-01-12 18:56:35,India,Cash Deposit,DEV-03-C011,Electronics
T000665,C048,B072,33348.73,2025-01-12 19:00:23,India,NEFT,DEV-01-C048,Travel
T000669,C048,B170,6963.95,2025-01-12 21:30:36,India,SWIFT,DEV-01-C048,Travel
T000363,C022,B103,13917.18,2025-01-12 21:45:57,UAE,NEFT,DEV-02-C022,Travel
T001457,C106,B207,21495.58,2025-01-12 22:03:23,UAE,SWIFT,DEV-03-C106,Entertainment
T002007,C146,B211,44106.11,2025-01-13 00:34:27,UK,NEFT,DEV-01-C146,Dining
T001433,C104,B158,4830.69,2025-01-13 04:04:23,UAE,IMPS,DEV-01-C104,Healthcare
T001745,C127,B294,206.88,2025-01-13 05:33:30,Nigeria,RTGS,DEV-02-C127,Fuel
T000726,C053,B099,3768.78,2025-01-13 06:02:04,India,SWIFT,DEV-01-C053,Healthcare
T000249,C015,B034,33051.96,2025-01-13 06:02:51,Singapore,RTGS,DEV-03-C015,Crypto Exchange
T000124,C007,B123,4669.78,2025-01-13 06:06:58,UK,Cash Deposit,DEV-01-C007,Crypto Exchange
T000195,C011,B019,26152.75,2025-01-13 06:10:30,USA,RTGS,DEV-02-C011,Utilities
T001385,C099,B295,13597.27,2025-01-13 06:42:16,UK,UPI,DEV-02-C099,Travel
T000695,C051,B151,11872.0,2025-01-13 08:44:35,UAE,Cash Deposit,DEV-01-C051,Crypto Exchange
T000074,C004,B221,22704.58,2025-01-13 08:58:10,India,UPI,DEV-02-C004,Groceries
T001584,C115,B077,4868.07,2025-01-13 09:46:18,Nigeria,UPI,DEV-01-C115,Jewelry
T002041,C148,B023,19635.26,2025-01-13 09:52:12,UAE,SWIFT,DEV-03-C148,Dining
T001554,C113,B023,8365.13,2025-01-13 09:57:43,UK,UPI,DEV-03-C113,Fuel
T000896,C066,B183,5042.77,2025-01-13 10:45:46,Nigeria,Cash Deposit,DEV-01-C066,Utilities
T001432,C104,B114,62848.35,2025-01-13 11:55:35,Nigeria,IMPS,DEV-03-C104,Electronics
T000306,C019,B201,20137.31,2025-01-13 12:28:44,USA,Cash Deposit,DEV-01-C019,Dining
T001177,C086,B182,11108.98,2025-01-13 14:15:12,USA,RTGS,DEV-02-C086,Jewelry
T000240,C014,B075,14614.73,2025-01-13 14:54:13,USA,UPI,DEV-01-C014,Utilities
T001210,C089,B026,2668.04,2025-01-13 15:05:39,India,SWIFT,DEV-03-C089,Groceries
T000387,C023,B205,3439.55,2025-01-13 16:42:25,Singapore,RTGS,DEV-03-C023,Utilities
T001940,C142,B050,6173.31,2025-01-13 17:01:14,Singapore,RTGS,DEV-01-C142,Dining
T000990,C072,B293,37878.6,2025-01-13 17:34:35,USA,Cash Deposit,DEV-01-C072,Utilities
T001614,C117,B240,17388.63,2025-01-13 17:37:17,Singapore,Cash Deposit,DEV-03-C117,Healthcare
T000241,C014,B014,19383.41,2025-01-13 19:07:25,India,UPI,DEV-01-C014,Crypto Exchange
T002071,C901,B403,9616.67,2025-01-13 19:59:58,Singapore,IMPS,DEV-03-C901,Crypto Exchange
T002072,C901,B400,9648.98,2025-01-13 20:00:58,India,NEFT,DEV-03-C901,Fuel
T002073,C901,B401,8793.37,2025-01-13 20:01:58,UK,RTGS,DEV-02-C901,Travel
T002074,C901,B404,8981.05,2025-01-13 20:02:58,UAE,IMPS,DEV-01-C901,Jewelry
T002075,C901,B404,9409.85,2025-01-13 20:03:58,India,NEFT,DEV-01-C901,Utilities
T000934,C069,B198,32086.96,2025-01-13 20:04:44,India,NEFT,DEV-01-C069,Jewelry
T002076,C901,B404,8648.72,2025-01-13 20:04:58,UK,IMPS,DEV-01-C901,Electronics
T002077,C901,B400,8828.68,2025-01-13 20:05:58,UK,IMPS,DEV-02-C901,Dining
T002078,C901,B403,9836.45,2025-01-13 20:06:58,Nigeria,SWIFT,DEV-03-C901,Utilities
T002079,C901,B407,8745.86,2025-01-13 20:07:58,India,IMPS,DEV-01-C901,Dining
T002080,C901,B405,8610.62,2025-01-13 20:08:58,Singapore,NEFT,DEV-02-C901,Utilities
T002081,C901,B400,9376.53,2025-01-13 20:09:58,UAE,SWIFT,DEV-03-C901,Fuel
T002082,C901,B402,9485.18,2025-01-13 20:10:58,UAE,Cash Deposit,DEV-03-C901,Dining
T002083,C901,B404,9005.16,2025-01-13 20:11:58,India,UPI,DEV-02-C901,Fuel
T002084,C901,B404,9675.54,2025-01-13 20:12:58,Nigeria,NEFT,DEV-01-C901,Travel
T002085,C901,B402,8964.37,2025-01-13 20:13:58,UK,SWIFT,DEV-03-C901,Entertainment
T002086,C901,B401,8664.09,2025-01-13 20:14:58,UK,Cash Deposit,DEV-02-C901,Travel
T002087,C901,B401,8968.43,2025-01-13 20:15:58,UAE,IMPS,DEV-02-C901,Fuel
T002088,C901,B405,9216.6,2025-01-13 20:16:58,UK,Cash Deposit,DEV-02-C901,Crypto Exchange
T000063,C003,B136,11735.99,2025-01-13 20:38:46,Singapore,NEFT,DEV-01-C003,Fuel
T001354,C096,B112,10172.06,2025-01-13 21:14:28,Singapore,UPI,DEV-01-C096,Utilities
T000837,C060,B259,40304.51,2025-01-14 01:43:28,UK,NEFT,DEV-03-C060,Groceries
T001244,C091,B224,1581.38,2025-01-14 04:22:49,India,IMPS,DEV-03-C091,Healthcare
T001448,C105,B267,1826.27,2025-01-14 04:41:55,UK,UPI,DEV-03-C105,Dining
T001341,C096,B192,3911.33,2025-01-14 05:50:44,UK,Cash Deposit,DEV-01-C096,Fuel
T001505,C109,B140,27301.5,2025-01-14 05:54:23,India,UPI,DEV-02-C109,Jewelry
T000497,C034,B212,17094.47,2025-01-14 08:22:42,Nigeria,IMPS,DEV-01-C034,Travel
T000326,C020,B075,9440.91,2025-01-14 08:37:49,India,UPI,DEV-02-C020,Travel
T001747,C127,B125,4201.64,2025-01-14 08:48:02,India,NEFT,DEV-01-C127,Dining
T000109,C006,B042,20895.3,2025-01-14 10:26:05,UAE,IMPS,DEV-02-C006,Travel
T000529,C036,B087,7330.87,2025-01-14 11:31:14,Singapore,UPI,DEV-02-C036,Entertainment
T001798,C132,B192,7104.26,2025-01-14 11:46:38,USA,IMPS,DEV-02-C132,Groceries
T001241,C091,B244,32164.72,2025-01-14 12:03:14,UAE,RTGS,DEV-02-C091,Fuel
T000541,C037,B256,7387.95,2025-01-14 12:18:39,Nigeria,UPI,DEV-01-C037,Dining
T001393,C100,B021,10195.96,2025-01-14 12:52:47,Nigeria,RTGS,DEV-01-C100,Dining
T001964,C143,B228,59729.75,2025-01-14 13:53:09,USA,SWIFT,DEV-03-C143,Fuel
T000470,C031,B029,33828.18,2025-01-14 14:32:22,USA,UPI,DEV-01-C031,Crypto Exchange
T000389,C023,B127,25519.64,2025-01-14 16:16:07,India,NEFT,DEV-02-C023,Healthcare
T000267,C016,B036,5244.69,2025-01-14 18:35:30,Nigeria,Cash Deposit,DEV-01-C016,Utilities
T000590,C039,B251,13729.7,2025-01-14 19:17:02,USA,Cash Deposit,DEV-02-C039,Healthcare
T001984,C145,B065,3939.09,2025-01-14 20:26:43,UK,RTGS,DEV-03-C145,Dining
T001199,C087,B168,4093.83,2025-01-14 21:54:05,India,RTGS,DEV-03-C087,Travel
T001662,C120,B084,17091.05,2025-01-15 00:21:03,USA,IMPS,DEV-02-C120,Entertainment
T000187,C011,B283,16969.35,2025-01-15 01:02:24,UK,IMPS,DEV-03-C011,Jewelry
T000849,C062,B196,6542.5,2025-01-15 02:38:08,India,Cash Deposit,DEV-01-C062,Electronics
T001166,C086,B019,4691.04,2025-01-15 02:44:48,India,Cash Deposit,DEV-03-C086,Crypto Exchange
T000204,C012,B221,3439.75,2025-01-15 03:12:07,UAE,RTGS,DEV-02-C012,Crypto Exchange
T001636,C118,B227,4645.59,2025-01-15 03:14:09,India,Cash Deposit,DEV-03-C118,Utilities
T000992,C072,B101,14127.68,2025-01-15 03:50:25,Nigeria,IMPS,DEV-02-C072,Groceries
T002025,C147,B099,9949.83,2025-01-15 04:41:31,UK,NEFT,DEV-03-C147,Electronics
T000589,C039,B128,18366.41,2025-01-15 04:46:18,Nigeria,UPI,DEV-01-C039,Healthcare
T000098,C006,B102,18850.19,2025-01-15 07:21:34,India,NEFT,DEV-01-C006,Entertainment
T001387,C099,B177,8861.32,2025-01-15 08:44:06,Singapore,SWIFT,DEV-03-C099,Travel
T001558,C114,B097,16691.2,2025-01-15 10:18:41,India,IMPS,DEV-01-C114,Groceries
T000818,C060,B198,7674.1,2025-01-15 10:23:23,USA,RTGS,DEV-01-C060,Groceries
T001309,C094,B275,8974.15,2025-01-15 11:05:13,Nigeria,RTGS,DEV-01-C094,Utilities
T000452,C029,B275,15595.4,2025-01-15 13:10:52,UAE,UPI,DEV-03-C029,Entertainment
T001499,C109,B124,34252.98,2025-01-15 14:37:36,Nigeria,Cash Deposit,DEV-02-C109,Healthcare
T001855,C135,B104,10113.27,2025-01-15 17:25:05,UK,IMPS,DEV-03-C135,Groceries
T000491,C033,B152,20996.69,2025-01-15 19:08:39,UAE,UPI,DEV-01-C033,Healthcare
T000447,C029,B245,17658.08,2025-01-15 20:56:53,UK,Cash Deposit,DEV-03-C029,Fuel
T001802,C132,B072,14922.02,2025-01-15 22:07:35,Singapore,RTGS,DEV-03-C132,Crypto Exchange
T000521,C036,B138,50477.86,2025-01-15 23:21:39,UK,Cash Deposit,DEV-03-C036,Travel
T000313,C020,B193,26660.48,2025-01-15 23:26:05,UAE,IMPS,DEV-03-C020,Crypto Exchange
T001242,C091,B214,1853.88,2025-01-15 23:28:07,Singapore,Cash Deposit,DEV-01-C091,Travel
T001874,C137,B101,28326.82,2025-01-16 00:32:02,UAE,NEFT,DEV-01-C137,Jewelry
T000261,C016,B109,5791.41,2025-01-16 00:32:50,Nigeria,SWIFT,DEV-01-C016,Utilities
T001055,C078,B272,6597.88,2025-01-16 01:14:07,UK,UPI,DEV-02-C078,Jewelry
T001187,C087,B247,14413.21,2025-01-16 02:04:34,Nigeria,SWIFT,DEV-03-C087,Fuel
T000978,C071,B183,12283.42,2025-01-16 03:29:45,India,NEFT,DEV-01-C071,Entertainment
T000709,C052,B223,17581.7,2025-01-16 06:04:42,India,NEFT,DEV-02-C052,Electronics
T000692,C050,B070,21008.51,2025-01-16 07:00:38,Nigeria,SWIFT,DEV-03-C050,Entertainment
T000064,C003,B146,17956.84,2025-01-16 07:34:36,UK,RTGS,DEV-03-C003,Dining
T001530,C111,B057,37071.1,2025-01-16 07:45:10,UAE,RTGS,DEV-03-C111,Travel
T001334,C096,B091,5853.04,2025-01-16 08:16:22,India,SWIFT,DEV-03-C096,Utilities
T000079,C004,B137,2874.54,2025-01-16 10:57:28,Nigeria,NEFT,DEV-02-C004,Groceries
T000866,C063,B259,19372.29,2025-01-16 11:21:36,UK,RTGS,DEV-03-C063,Healthcare
T000953,C070,B027,7487.07,2025-01-16 14:32:48,UK,Cash Deposit,DEV-01-C070,Utilities
T000707,C051,B193,2855.15,2025-01-16 14:56:04,Nigeria,NEFT,DEV-03-C051,Utilities
T001384,C099,B079,24327.27,2025-01-16 15:45:02,UAE,NEFT,DEV-01-C099,Fuel
T001168,C086,B092,5044.29,2025-01-16 15:56:17,Nigeria,UPI,DEV-03-C086,Crypto Exchange
T001702,C124,B024,21843.67,2025-01-16 16:07:38,Nigeria,RTGS,DEV-03-C124,Utilities
T001287,C093,B132,20632.44,2025-01-16 17:24:29,India,UPI,DEV-01-C093,Healthcare
T001417,C102,B133,3566.19,2025-01-16 19:27:41,USA,NEFT,DEV-01-C102,Fuel
T002066,C150,B159,3694.48,2025-01-16 19:37:40,UAE,SWIFT,DEV-03-C150,Crypto Exchange
T000749,C054,B177,4335.67,2025-01-16 21:00:51,Singapore,Cash Deposit,DEV-03-C054,Utilities
T001403,C101,B148,17500.17,2025-01-16 21:39:32,Nigeria,SWIFT,DEV-03-C101,Healthcare
T001825,C134,B231,17137.98,2025-01-17 00:06:10,Singapore,IMPS,DEV-03-C134,Groceries
T000034,C002,B282,20700.95,2025-01-17 00:46:25,Singapore,RTGS,DEV-03-C002,Healthcare
T000202,C012,B228,15876.4,2025-01-17 03:39:28,Nigeria,UPI,DEV-01-C012,Groceries
T001074,C078,B054,22645.39,2025-01-17 04:41:37,UAE,RTGS,DEV-02-C078,Jewelry
T001009,C073,B108,6977.33,2025-01-17 04:55:46,UK,NEFT,DEV-01-C073,Utilities
T002044,C149,B012,27506.51,2025-01-17 04:59:13,USA,UPI,DEV-03-C149,Travel
T001044,C076,B008,31850.61,2025-01-17 05:58:40,Singapore,RTGS,DEV-01-C076,Healthcare
T001775,C129,B034,24962.06,2025-01-17 06:08:54,USA,SWIFT,DEV-03-C129,Jewelry
T001868,C136,B194,34633.32,2025-01-17 06:55:23,UK,SWIFT,DEV-02-C136,Jewelry
T001915,C140,B240,15226.86,2025-01-17 07:35:29,UK,NEFT,DEV-02-C140,Jewelry
T000788,C057,B259,3698.52,2025-01-17 09:45:46,India,UPI,DEV-03-C057,Groceries
T001259,C091,B297,9442.74,2025-01-17 09:58:59,USA,NEFT,DEV-03-C091,Dining
T001104,C080,B157,7851.53,2025-01-17 10:23:36,Singapore,RTGS,DEV-02-C080,Crypto Exchange
T002131,C930,B701,5728.85,2025-01-17 11:28:14,Singapore,IMPS,DEV-01-C930,Dining
T001481,C108,B173,5741.39,2025-01-17 11:36:51,India,RTGS,DEV-02-C108,Groceries
T000205,C012,B093,7204.6,2025-01-17 12:05:26,UAE,NEFT,DEV-03-C012,Healthcare
T001344,C096,B215,4642.67,2025-01-17 14:55:40,Singapore,IMPS,DEV-02-C096,Crypto Exchange
T001312,C094,B008,20774.84,2025-01-17 17:22:09,Nigeria,NEFT,DEV-02-C094,Utilities
T000671,C049,B219,5507.63,2025-01-17 18:40:11,Singapore,IMPS,DEV-01-C049,Dining
T001087,C079,B248,17619.53,2025-01-17 18:53:31,UK,Cash Deposit,DEV-03-C079,Crypto Exchange
T001226,C090,B121,41998.58,2025-01-17 19:19:06,Nigeria,Cash Deposit,DEV-01-C090,Crypto Exchange
T001532,C111,B134,9191.46,2025-01-17 20:14:07,Nigeria,RTGS,DEV-02-C111,Dining
T000839,C060,B297,3394.32,2025-01-17 20:38:04,Nigeria,IMPS,DEV-01-C060,Healthcare
T000693,C050,B163,18079.91,2025-01-17 21:55:17,Nigeria,RTGS,DEV-03-C050,Crypto Exchange
T001325,C095,B123,28523.53,2025-01-17 22:43:42,USA,Cash Deposit,DEV-01-C095,Crypto Exchange
T001407,C101,B213,18847.58,2025-01-17 23:31:48,USA,SWIFT,DEV-03-C101,Crypto Exchange
T001721,C125,B290,3940.77,2025-01-18 01:00:42,India,RTGS,DEV-01-C125,Utilities
T001765,C128,B012,24845.45,2025-01-18 02:17:24,Singapore,NEFT,DEV-01-C128,Travel
T001331,C095,B255,11092.52,2025-01-18 02:51:51,UAE,Cash Deposit,DEV-01-C095,Groceries
T001301,C093,B104,2998.02,2025-01-18 03:33:01,USA,NEFT,DEV-02-C093,Electronics
T001469,C108,B017,17879.82,2025-01-18 04:08:06,USA,Cash Deposit,DEV-02-C108,Travel
T001140,C084,B034,28585.85,2025-01-18 04:37:19,UK,RTGS,DEV-02-C084,Fuel
T001832,C134,B052,41048.0,2025-01-18 04:59:28,Singapore,NEFT,DEV-03-C134,Healthcare
T000462,C031,B061,6063.74,2025-01-18 07:52:25,USA,SWIFT,DEV-03-C031,Travel
T000084,C004,B134,10276.03,2025-01-18 08:05:35,USA,UPI,DEV-01-C004,Utilities
T001062,C078,B067,37596.91,2025-01-18 08:15:30,India,IMPS,DEV-01-C078,Entertainment
T000639,C045,B077,56745.77,2025-01-18 09:00:33,India,RTGS,DEV-03-C045,Healthcare
T001463,C107,B014,21918.11,2025-01-18 09:19:23,UK,RTGS,DEV-03-C107,Fuel
T001551,C113,B298,6857.12,2025-01-18 09:58:03,Singapore,IMPS,DEV-03-C113,Entertainment
T001681,C122,B273,609.29,2025-01-18 10:49:56,India,UPI,DEV-01-C122,Electronics
T000678,C049,B139,3756.37,2025-01-18 11:00:04,India,UPI,DEV-03-C049,Electronics
T000539,C037,B280,21239.03,2025-01-18 11:15:38,Nigeria,RTGS,DEV-01-C037,Entertainment
T000459,C031,B210,9330.48,2025-01-18 11:23:12,UAE,Cash Deposit,DEV-03-C031,Healthcare
T000928,C068,B133,18264.09,2025-01-18 11:31:04,USA,SWIFT,DEV-03-C068,Crypto Exchange
T002141,C930,B999,950000.0,2025-01-18 12:04:02,Nigeria,NEFT,DEV-02-C930,Healthcare
T000265,C016,B015,6706.57,2025-01-18 12:23:59,Singapore,Cash Deposit,DEV-02-C016,Fuel
T001684,C122,B224,18501.61,2025-01-18 12:36:50,UK,NEFT,DEV-03-C122,Fuel
T001495,C109,B281,20711.93,2025-01-18 12:49:49,India,Cash Deposit,DEV-03-C109,Jewelry
T001265,C092,B249,17256.11,2025-01-18 13:18:57,USA,NEFT,DEV-02-C092,Utilities
T000811,C059,B225,11680.72,2025-01-18 14:22:03,USA,SWIFT,DEV-02-C059,Crypto Exchange
T001688,C122,B167,15785.68,2025-01-18 14:49:38,India,Cash Deposit,DEV-01-C122,Dining
T001894,C139,B250,18232.73,2025-01-18 16:03:15,USA,NEFT,DEV-02-C139,Crypto Exchange
T000047,C002,B217,14252.71,2025-01-18 19:33:29,Singapore,SWIFT,DEV-01-C002,Utilities
T000988,C072,B188,19340.55,2025-01-18 20:32:59,UK,SWIFT,DEV-01-C072,Healthcare
T000495,C034,B251,9716.63,2025-01-18 20:51:44,USA,Cash Deposit,DEV-01-C034,Jewelry
T000717,C052,B199,30607.59,2025-01-18 22:48:16,Singapore,SWIFT,DEV-02-C052,Travel
T001895,C139,B109,18135.72,2025-01-19 00:34:04,UAE,NEFT,DEV-03-C139,Travel
T000347,C021,B174,22779.12,2025-01-19 03:18:56,UK,Cash Deposit,DEV-02-C021,Fuel
T002021,C147,B262,18474.66,2025-01-19 03:24:57,UAE,UPI,DEV-01-C147,Dining
T001193,C087,B200,2691.98,2025-01-19 04:37:28,USA,NEFT,DEV-02-C087,Fuel
T000524,C036,B045,20648.65,2025-01-19 04:39:16,UK,SWIFT,DEV-03-C036,Jewelry
T001030,C074,B252,4665.9,2025-01-19 05:34:52,Singapore,NEFT,DEV-01-C074,Groceries
T001372,C098,B034,4200.51,2025-01-19 06:53:44,UK,NEFT,DEV-01-C098,Healthcare
T001377,C098,B150,16723.74,2025-01-19 08:32:35,India,NEFT,DEV-01-C098,Jewelry
T000236,C014,B142,13387.56,2025-01-19 10:17:09,India,SWIFT,DEV-01-C014,Electronics
T001059,C078,B199,12441.39,2025-01-19 10:25:40,USA,Cash Deposit,DEV-02-C078,Jewelry
T001103,C080,B179,17994.67,2025-01-19 11:52:23,Singapore,UPI,DEV-03-C080,Groceries
T000412,C026,B057,14946.66,2025-01-19 12:33:34,India,SWIFT,DEV-02-C026,Healthcare
T000046,C002,B128,36900.32,2025-01-19 14:26:14,UAE,RTGS,DEV-02-C002,Travel
T000091,C006,B066,19483.02,2025-01-19 15:01:11,UK,Cash Deposit,DEV-02-C006,Travel
T000310,C020,B249,2482.22,2025-01-19 15:24:16,UAE,IMPS,DEV-01-C020,Utilities
T000418,C026,B248,6802.19,2025-01-19 16:00:28,UAE,UPI,DEV-03-C026,Dining
T001204,C088,B103,28915.41,2025-01-19 16:39:49,Singapore,UPI,DEV-03-C088,Fuel
T001071,C078,B098,6739.87,2025-01-19 18:00:03,USA,Cash Deposit,DEV-01-C078,Crypto Exchange
T001138,C083,B084,9537.25,2025-01-19 18:19:40,UAE,NEFT,DEV-02-C083,Groceries
T001762,C127,B226,10200.44,2025-01-19 20:59:34,Nigeria,RTGS,DEV-02-C127,Groceries
T000895,C066,B051,9890.56,2025-01-20 04:00:58,Nigeria,RTGS,DEV-02-C066,Fuel
T002006,C146,B252,17302.8,2025-01-20 04:18:42,India,RTGS,DEV-03-C146,Travel
T001763,C128,B102,4399.01,2025-01-20 04:57:56,Singapore,IMPS,DEV-01-C128,Dining
T001099,C080,B287,20451.05,2025-01-20 05:37:34,UK,SWIFT,DEV-03-C080,Crypto Exchange
T001536,C111,B237,6632.1,2025-01-20 05:59:37,Singapore,Cash Deposit,DEV-01-C111,Groceries
T000401,C025,B074,16993.22,2025-01-20 07:50:18,USA,RTGS,DEV-02-C025,Jewelry
T001408,C101,B071,5871.73,2025-01-20 08:18:13,UAE,SWIFT,DEV-02-C101,Jewelry
T000675,C049,B215,5542.67,2025-01-20 08:46:13,Nigeria,RTGS,DEV-01-C049,Jewelry
T002142,C940,B800,9015.2,2025-01-20 08:48:04,India,UPI,DEV-02-C940,Crypto Exchange
T000714,C052,B246,15160.09,2025-01-20 09:16:33,India,NEFT,DEV-01-C052,Travel
T002143,C940,B801,9862.95,2025-01-20 09:48:04,Nigeria,Cash Deposit,DEV-02-C940,Utilities
T001838,C134,B123,15463.28,2025-01-20 10:00:01,India,NEFT,DEV-02-C134,Groceries
T001789,C131,B280,5049.72,2025-01-20 10:44:53,Singapore,IMPS,DEV-03-C131,Fuel
T002144,C940,B802,7783.75,2025-01-20 10:48:04,India,RTGS,DEV-01-C940,Entertainment
T001753,C127,B101,12360.1,2025-01-20 10:54:01,Nigeria,IMPS,DEV-01-C127,Fuel
T002145,C940,B803,6455.14,2025-01-20 11:48:04,UAE,UPI,DEV-03-C940,Groceries
T000219,C013,B090,50225.59,2025-01-20 11:53:08,UAE,RTGS,DEV-02-C013,Jewelry
T000844,C061,B112,61048.41,2025-01-20 12:06:19,UAE,RTGS,DEV-03-C061,Dining
T002146,C940,B804,14878.11,2025-01-20 12:48:04,UK,NEFT,DEV-02-C940,Healthcare
T002147,C940,B805,14785.61,2025-01-20 13:48:04,UAE,NEFT,DEV-01-C940,Groceries
T001815,C133,B142,29438.51,2025-01-20 14:00:05,India,IMPS,DEV-02-C133,Utilities
T000958,C070,B006,21555.75,2025-01-20 14:00:42,Nigeria,RTGS,DEV-02-C070,Electronics
T002148,C940,B806,14526.45,2025-01-20 14:48:04,Nigeria,SWIFT,DEV-02-C940,Dining
T000424,C027,B110,26275.47,2025-01-20 14:51:09,USA,UPI,DEV-03-C027,Dining
T001342,C096,B139,23869.76,2025-01-20 15:11:07,Singapore,IMPS,DEV-01-C096,Crypto Exchange
T002149,C940,B807,11356.87,2025-01-20 15:48:04,India,IMPS,DEV-01-C940,Dining
T002150,C940,B808,9050.68,2025-01-20 16:48:04,Singapore,Cash Deposit,DEV-02-C940,Healthcare
T002151,C940,B809,10247.78,2025-01-20 17:48:04,Nigeria,UPI,DEV-01-C940,Groceries
T000181,C010,B027,19819.49,2025-01-20 18:19:30,Singapore,RTGS,DEV-01-C010,Dining
T002152,C940,B810,5924.41,2025-01-20 18:48:04,UK,UPI,DEV-02-C940,Travel
T002153,C940,B811,6986.05,2025-01-20 19:48:04,UK,SWIFT,DEV-02-C940,Jewelry
T000650,C045,B054,4248.78,2025-01-20 22:08:15,USA,IMPS,DEV-02-C045,Entertainment
T000877,C064,B054,17498.73,2025-01-20 23:02:06,USA,Cash Deposit,DEV-03-C064,Healthcare
T000561,C038,B110,18227.82,2025-01-20 23:30:45,Singapore,Cash Deposit,DEV-01-C038,Crypto Exchange
T000467,C031,B124,14201.34,2025-01-21 00:12:17,India,NEFT,DEV-03-C031,Groceries
T002061,C149,B283,24303.01,2025-01-21 00:23:07,UK,IMPS,DEV-02-C149,Dining
T000977,C071,B136,39952.5,2025-01-21 01:49:44,UAE,IMPS,DEV-01-C071,Crypto Exchange
T000512,C035,B009,33308.52,2025-01-21 02:42:48,USA,IMPS,DEV-03-C035,Healthcare
T001779,C129,B019,2498.75,2025-01-21 02:48:36,UAE,IMPS,DEV-02-C129,Electronics
T000415,C026,B266,15177.02,2025-01-21 03:08:28,USA,UPI,DEV-03-C026,Entertainment
T001066,C078,B007,18512.47,2025-01-21 06:23:42,Nigeria,SWIFT,DEV-01-C078,Entertainment
T001797,C132,B214,18430.2,2025-01-21 08:22:04,UK,SWIFT,DEV-03-C132,Groceries
T000075,C004,B184,33702.44,2025-01-21 09:30:49,Nigeria,IMPS,DEV-03-C004,Utilities
T000093,C006,B147,7471.05,2025-01-21 09:45:40,UK,RTGS,DEV-03-C006,Fuel
T000876,C064,B034,11128.38,2025-01-21 11:09:23,Nigeria,Cash Deposit,DEV-01-C064,Healthcare
T001571,C115,B067,39812.97,2025-01-21 12:31:13,India,Cash Deposit,DEV-02-C115,Fuel
T000922,C068,B144,9583.86,2025-01-21 12:52:14,UAE,IMPS,DEV-01-C068,Fuel
T001109,C081,B276,19406.47,2025-01-21 13:42:18,UAE,RTGS,DEV-03-C081,Dining
T001845,C135,B200,20184.56,2025-01-21 15:47:06,UK,IMPS,DEV-01-C135,Dining
T000050,C003,B247,17372.11,2025-01-21 18:04:02,UK,NEFT,DEV-01-C003,Healthcare
T001488,C109,B275,17280.33,2025-01-21 18:50:34,Singapore,UPI,DEV-01-C109,Dining
T000952,C070,B052,5440.65,2025-01-21 19:43:25,USA,SWIFT,DEV-02-C070,Jewelry
T000362,C022,B229,12075.95,2025-01-21 19:59:07,USA,UPI,DEV-03-C022,Entertainment
T000661,C047,B021,26260.45,2025-01-21 21:02:05,Singapore,IMPS,DEV-01-C047,Electronics
T000268,C016,B272,45659.28,2025-01-21 21:17:45,UK,SWIFT,DEV-02-C016,Fuel
T000393,C024,B124,8616.65,2025-01-21 21:19:22,USA,UPI,DEV-01-C024,Groceries
T000834,C060,B202,21211.99,2025-01-21 22:21:35,UK,IMPS,DEV-03-C060,Fuel
T000328,C021,B132,10241.67,2025-01-21 22:30:43,UAE,RTGS,DEV-03-C021,Crypto Exchange
T001340,C096,B075,10719.88,2025-01-21 23:42:04,USA,SWIFT,DEV-01-C096,Healthcare
T001835,C134,B273,5359.08,2025-01-21 23:42:16,UK,Cash Deposit,DEV-01-C134,Jewelry
T000930,C068,B044,15443.37,2025-01-22 00:41:57,UK,RTGS,DEV-02-C068,Entertainment
T001086,C079,B292,9868.72,2025-01-22 02:39:56,Nigeria,NEFT,DEV-03-C079,Fuel
T000053,C003,B152,25198.18,2025-01-22 03:16:47,India,RTGS,DEV-03-C003,Jewelry
T001426,C104,B053,6059.23,2025-01-22 03:41:18,UAE,RTGS,DEV-01-C104,Electronics
T001513,C110,B217,45411.76,2025-01-22 03:59:46,UAE,NEFT,DEV-01-C110,Electronics
T001291,C093,B221,21461.29,2025-01-22 04:52:38,USA,Cash Deposit,DEV-01-C093,Entertainment
T000580,C039,B280,32092.14,2025-01-22 05:14:22,UK,NEFT,DEV-03-C039,Electronics
T001780,C129,B203,8617.21,2025-01-22 05:21:37,Singapore,SWIFT,DEV-02-C129,Crypto Exchange
T000498,C034,B005,11588.05,2025-01-22 05:39:13,USA,SWIFT,DEV-02-C034,Groceries
T001329,C095,B260,17208.46,2025-01-22 06:57:01,UK,Cash Deposit,DEV-03-C095,Electronics
T000931,C068,B088,10008.34,2025-01-22 07:09:17,UK,RTGS,DEV-01-C068,Crypto Exchange
T001280,C092,B180,6606.53,2025-01-22 07:16:37,Nigeria,UPI,DEV-02-C092,Electronics
T001025,C074,B194,18438.32,2025-01-22 10:01:03,Singapore,NEFT,DEV-02-C074,Electronics
T000892,C066,B095,5353.11,2025-01-22 10:28:23,USA,UPI,DEV-01-C066,Utilities
T000955,C070,B135,15275.37,2025-01-22 12:45:43,Singapore,NEFT,DEV-03-C070,Groceries
T000548,C037,B133,21133.86,2025-01-22 13:18:00,USA,Cash Deposit,DEV-03-C037,Jewelry
T001396,C101,B270,30762.16,2025-01-22 13:37:57,Singapore,IMPS,DEV-01-C101,Utilities
T000080,C004,B241,14054.06,2025-01-22 14:18:29,UAE,SWIFT,DEV-02-C004,Dining
T001139,C084,B212,6515.41,2025-01-22 14:35:20,Nigeria,Cash Deposit,DEV-01-C084,Electronics
T000821,C060,B260,15977.59,2025-01-22 14:56:37,USA,Cash Deposit,DEV-02-C060,Healthcare
T000081,C004,B117,5913.42,2025-01-22 15:26:58,India,Cash Deposit,DEV-01-C004,Healthcare
T002139,C930,B706,8122.98,2025-01-22 15:44:49,UK,SWIFT,DEV-03-C930,Utilities
T000754,C054,B005,7948.53,2025-01-22 17:25:19,Singapore,RTGS,DEV-02-C054,Dining
T000122,C007,B180,14984.85,2025-01-22 18:28:31,Nigeria,NEFT,DEV-03-C007,Groceries
T000787,C057,B117,15333.1,2025-01-22 18:42:23,Nigeria,IMPS,DEV-01-C057,Groceries
T000184,C011,B048,23623.58,2025-01-22 19:35:25,India,SWIFT,DEV-01-C011,Travel
T001297,C093,B277,13275.62,2025-01-22 22:15:40,India,SWIFT,DEV-03-C093,Entertainment
T001451,C105,B228,11516.92,2025-01-22 22:19:23,USA,SWIFT,DEV-02-C105,Healthcare
T000263,C016,B294,25830.78,2025-01-22 22:59:19,UK,RTGS,DEV-03-C016,Crypto Exchange
T000782,C056,B128,31802.67,2025-01-22 23:14:14,Nigeria,UPI,DEV-02-C056,Travel
T001381,C099,B134,46314.47,2025-01-23 00:26:24,UK,UPI,DEV-02-C099,Groceries
T000409,C026,B296,8460.13,2025-01-23 02:12:50,Nigeria,NEFT,DEV-03-C026,Entertainment
T001788,C130,B142,1446.53,2025-01-23 02:40:34,India,NEFT,DEV-01-C130,Fuel
T000637,C045,B060,24489.24,2025-01-23 04:13:15,Nigeria,RTGS,DEV-01-C045,Groceries
T000940,C069,B220,9682.74,2025-01-23 06:44:30,UK,SWIFT,DEV-02-C069,Crypto Exchange
T001216,C090,B241,3371.18,2025-01-23 11:53:11,UAE,IMPS,DEV-03-C090,Dining
T001608,C116,B250,9414.25,2025-01-23 12:22:46,Nigeria,NEFT,DEV-03-C116,Groceries
T000516,C035,B224,17514.93,2025-01-23 12:56:05,India,UPI,DEV-03-C035,Crypto Exchange
T000431,C027,B294,5580.8,2025-01-23 13:06:44,USA,Cash Deposit,DEV-03-C027,Groceries
T001843,C135,B062,23946.26,2025-01-23 13:33:00,UAE,NEFT,DEV-02-C135,Fuel
T000004,C001,B112,11058.42,2025-01-23 14:08:21,USA,RTGS,DEV-01-C001,Jewelry
T000648,C045,B013,18587.34,2025-01-23 14:55:26,USA,UPI,DEV-03-C045,Groceries
T001808,C133,B106,45109.91,2025-01-23 15:01:16,Singapore,Cash Deposit,DEV-03-C133,Utilities
T001910,C140,B228,47761.39,2025-01-23 16:13:51,USA,SWIFT,DEV-02-C140,Crypto Exchange
T000193,C011,B197,13207.25,2025-01-23 16:14:23,UK,NEFT,DEV-02-C011,Entertainment
T001795,C132,B243,2458.46,2025-01-23 16:36:52,USA,RTGS,DEV-03-C132,Entertainment
T000108,C006,B147,34684.22,2025-01-23 18:24:34,Singapore,UPI,DEV-02-C006,Jewelry
T001619,C117,B156,11421.9,2025-01-23 18:56:04,UAE,RTGS,DEV-01-C117,Groceries
T001548,C112,B171,18923.25,2025-01-23 19:13:12,UK,UPI,DEV-03-C112,Crypto Exchange
T000324,C020,B192,9515.83,2025-01-23 21:24:09,UK,NEFT,DEV-02-C020,Electronics
T001509,C110,B072,3474.01,2025-01-23 22:00:56,India,RTGS,DEV-03-C110,Jewelry
T000987,C072,B135,21631.26,2025-01-24 00:34:27,Singapore,SWIFT,DEV-03-C072,Fuel
T000211,C012,B055,16951.8,2025-01-24 00:43:45,UK,RTGS,DEV-02-C012,Crypto Exchange
T001223,C090,B212,7598.42,2025-01-24 03:55:14,USA,IMPS,DEV-03-C090,Travel
T000161,C009,B081,34445.26,2025-01-24 06:55:34,UAE,RTGS,DEV-01-C009,Travel
T000870,C063,B229,8030.68,2025-01-24 08:03:04,Nigeria,RTGS,DEV-03-C063,Electronics
T001125,C083,B214,11430.02,2025-01-24 08:04:52,USA,IMPS,DEV-02-C083,Dining
T001353,C096,B254,28642.95,2025-01-24 08:25:56,India,RTGS,DEV-01-C096,Healthcare
T000032,C002,B030,9738.55,2025-01-24 09:16:17,USA,NEFT,DEV-01-C002,Entertainment
T000388,C023,B164,6805.4,2025-01-24 11:17:24,UK,NEFT,DEV-02-C023,Entertainment
T000747,C054,B016,14010.37,2025-01-24 11:45:23,Singapore,SWIFT,DEV-03-C054,Entertainment
T001859,C135,B176,5558.6,2025-01-24 12:28:51,UAE,RTGS,DEV-01-C135,Electronics
T000479,C032,B199,26301.96,2025-01-24 13:54:04,Singapore,IMPS,DEV-02-C032,Utilities
T001916,C140,B124,3744.4,2025-01-24 15:03:38,UAE,IMPS,DEV-03-C140,Utilities
T000638,C045,B007,19135.87,2025-01-24 17:50:46,India,SWIFT,DEV-02-C045,Healthcare
T001164,C086,B004,34663.39,2025-01-24 18:13:22,USA,UPI,DEV-03-C086,Jewelry
T000383,C023,B248,10869.5,2025-01-24 18:36:24,Nigeria,SWIFT,DEV-02-C023,Entertainment
T001865,C136,B102,15254.67,2025-01-24 18:42:59,UK,IMPS,DEV-03-C136,Electronics
T001253,C091,B046,3772.87,2025-01-24 19:25:49,UK,Cash Deposit,DEV-03-C091,Utilities
T001503,C109,B015,28072.92,2025-01-24 20:15:29,Singapore,SWIFT,DEV-02-C109,Jewelry
T002030,C147,B215,17146.09,2025-01-24 23:28:43,Singapore,NEFT,DEV-01-C147,Groceries
T001733,C126,B129,12432.8,2025-01-24 23:54:34,India,SWIFT,DEV-01-C126,Fuel
T000123,C007,B016,13943.59,2025-01-25 00:12:42,UAE,NEFT,DEV-03-C007,Travel
T001883,C138,B131,9577.66,2025-01-25 00:31:05,USA,RTGS,DEV-03-C138,Travel
T001479,C108,B126,19902.39,2025-01-25 00:58:56,UAE,Cash Deposit,DEV-02-C108,Crypto Exchange
T000614,C042,B044,18891.95,2025-01-25 02:16:15,USA,RTGS,DEV-03-C042,Crypto Exchange
T000390,C023,B215,31249.36,2025-01-25 02:30:42,UAE,UPI,DEV-03-C023,Fuel
T000376,C023,B041,10744.6,2025-01-25 07:57:09,UAE,Cash Deposit,DEV-03-C023,Dining
T002033,C147,B095,12676.33,2025-01-25 11:48:55,UK,UPI,DEV-02-C147,Dining
T000178,C010,B162,8344.27,2025-01-25 12:07:55,Singapore,NEFT,DEV-02-C010,Jewelry
T001519,C110,B123,20032.57,2025-01-25 13:29:34,USA,SWIFT,DEV-02-C110,Fuel
T000833,C060,B055,6758.8,2025-01-25 16:32:13,USA,IMPS,DEV-01-C060,Utilities
T001781,C130,B192,5162.52,2025-01-25 17:05:46,USA,NEFT,DEV-01-C130,Utilities
T001588,C115,B182,8565.07,2025-01-25 17:52:02,USA,NEFT,DEV-03-C115,Groceries
T001521,C110,B202,10162.92,2025-01-25 19:26:11,Singapore,NEFT,DEV-01-C110,Dining
T002059,C149,B091,19151.53,2025-01-25 20:29:36,India,RTGS,DEV-03-C149,Crypto Exchange
T002133,C930,B704,8916.86,2025-01-25 20:35:04,UK,Cash Deposit,DEV-01-C930,Utilities
T001961,C143,B288,4832.72,2025-01-25 22:17:43,India,NEFT,DEV-01-C143,Jewelry
T001685,C122,B196,5657.09,2025-01-25 23:16:03,India,NEFT,DEV-01-C122,Jewelry
T000943,C069,B210,36025.25,2025-01-26 00:43:44,UAE,NEFT,DEV-03-C069,Groceries
T000106,C006,B231,17176.21,2025-01-26 03:57:36,UAE,Cash Deposit,DEV-02-C006,Jewelry
T001896,C139,B099,16115.66,2025-01-26 04:20:01,UK,SWIFT,DEV-03-C139,Crypto Exchange
T000763,C055,B152,22811.11,2025-01-26 04:30:25,UK,SWIFT,DEV-02-C055,Groceries
T001722,C125,B066,20161.68,2025-01-26 04:58:07,USA,IMPS,DEV-03-C125,Dining
T001650,C119,B191,25134.46,2025-01-26 05:16:35,Nigeria,RTGS,DEV-02-C119,Utilities
T000119,C007,B026,15668.97,2025-01-26 06:12:29,UK,UPI,DEV-01-C007,Entertainment
T001559,C114,B241,17282.17,2025-01-26 06:21:56,UAE,Cash Deposit,DEV-02-C114,Healthcare
T000770,C056,B191,29902.76,2025-01-26 07:08:49,USA,UPI,DEV-02-C056,Utilities
T000907,C067,B283,10540.89,2025-01-26 07:16:48,USA,RTGS,DEV-02-C067,Travel
T000490,C033,B009,8404.55,2025-01-26 07:38:51,USA,RTGS,DEV-03-C033,Healthcare
T000655,C047,B150,37511.59,2025-01-26 08:09:10,Singapore,SWIFT,DEV-03-C047,Fuel
T000706,C051,B164,15896.55,2025-01-26 08:28:17,India,NEFT,DEV-02-C051,Travel
T000760,C054,B142,3612.43,2025-01-26 08:30:59,Nigeria,Cash Deposit,DEV-03-C054,Dining
T001882,C138,B076,53241.14,2025-01-26 08:56:40,USA,SWIFT,DEV-03-C138,Travel
T000443,C029,B006,20841.6,2025-01-26 09:27:46,Nigeria,UPI,DEV-03-C029,Electronics
T001411,C101,B079,26164.03,2025-01-26 12:04:54,Singapore,Cash Deposit,DEV-03-C101,Entertainment
T000021,C001,B276,23760.48,2025-01-26 12:13:56,Nigeria,RTGS,DEV-02-C001,Crypto Exchange
T000734,C053,B211,16939.43,2025-01-26 15:28:58,UK,Cash Deposit,DEV-02-C053,Crypto Exchange
T000066,C004,B069,12579.14,2025-01-26 16:15:00,India,NEFT,DEV-03-C004,Jewelry
T000020,C001,B074,5121.1,2025-01-26 17:12:55,UAE,IMPS,DEV-03-C001,Jewelry
T001084,C079,B071,9683.65,2025-01-26 17:28:01,Singapore,RTGS,DEV-01-C079,Electronics
T000060,C003,B123,16215.32,2025-01-26 18:55:36,UK,IMPS,DEV-03-C003,Dining
T001786,C130,B120,30851.32,2025-01-26 18:57:02,Nigeria,NEFT,DEV-02-C130,Utilities
T000348,C021,B266,5896.97,2025-01-26 21:30:15,India,Cash Deposit,DEV-02-C021,Utilities
T000189,C011,B260,6542.36,2025-01-26 22:33:26,India,UPI,DEV-03-C011,Dining
T001624,C117,B286,9160.22,2025-01-26 23:17:59,UAE,Cash Deposit,DEV-03-C117,Crypto Exchange
T000018,C001,B206,10541.93,2025-01-26 23:52:53,India,IMPS,DEV-03-C001,Fuel
T001778,C129,B243,36063.78,2025-01-27 01:16:00,USA,SWIFT,DEV-03-C129,Crypto Exchange
T000481,C032,B027,17685.64,2025-01-27 01:33:39,UK,Cash Deposit,DEV-03-C032,Crypto Exchange
T001694,C122,B010,6297.77,2025-01-27 03:11:15,USA,RTGS,DEV-03-C122,Utilities
T000740,C053,B165,23688.01,2025-01-27 03:47:38,Nigeria,SWIFT,DEV-03-C053,Utilities
T000016,C001,B195,14512.06,2025-01-27 05:01:26,Nigeria,Cash Deposit,DEV-03-C001,Electronics
T002054,C149,B069,82703.45,2025-01-27 06:09:31,India,Cash Deposit,DEV-01-C149,Electronics
T001006,C073,B203,6976.07,2025-01-27 08:03:13,UK,UPI,DEV-03-C073,Crypto Exchange
T001194,C087,B017,6476.55,2025-01-27 08:38:05,UK,NEFT,DEV-02-C087,Electronics
T000067,C004,B080,1712.84,2025-01-27 10:37:02,Singapore,RTGS,DEV-01-C004,Fuel
T001015,C074,B277,19307.78,2025-01-27 10:46:17,USA,SWIFT,DEV-01-C074,Jewelry
T001419,C102,B028,26908.62,2025-01-27 11:22:04,Singapore,SWIFT,DEV-03-C102,Fuel
T001706,C124,B232,19899.54,2025-01-27 12:10:00,UAE,Cash Deposit,DEV-02-C124,Fuel
T001785,C130,B163,6360.12,2025-01-27 12:10:53,UK,NEFT,DEV-01-C130,Entertainment
T001262,C092,B144,5048.63,2025-01-27 17:18:08,Singapore,NEFT,DEV-03-C092,Utilities
T001054,C078,B240,8102.7,2025-01-27 17:33:08,USA,RTGS,DEV-01-C078,Utilities
T000148,C008,B248,9005.06,2025-01-27 20:17:26,Nigeria,RTGS,DEV-03-C008,Crypto Exchange
T000013,C001,B195,34921.41,2025-01-27 23:43:31,UK,Cash Deposit,DEV-02-C001,Travel
T001857,C135,B069,11694.81,2025-01-28 00:04:53,Singapore,Cash Deposit,DEV-01-C135,Jewelry
T000041,C002,B122,23608.71,2025-01-28 00:53:56,Nigeria,SWIFT,DEV-01-C002,Jewelry
T000082,C004,B169,36601.67,2025-01-28 01:11:31,India,UPI,DEV-02-C004,Jewelry
T000861,C063,B220,43804.57,2025-01-28 02:22:43,USA,UPI,DEV-01-C063,Travel
T001704,C124,B285,38285.65,2025-01-28 03:11:06,UK,IMPS,DEV-03-C124,Jewelry
T001907,C140,B272,6627.89,2025-01-28 03:12:23,Nigeria,IMPS,DEV-02-C140,Entertainment
T000399,C024,B282,20444.79,2025-01-28 03:47:47,USA,Cash Deposit,DEV-03-C024,Utilities
T000981,C072,B262,29293.04,2025-01-28 05:04:06,UK,IMPS,DEV-03-C072,Travel
T001343,C096,B031,23591.64,2025-01-28 05:51:18,UAE,NEFT,DEV-02-C096,Entertainment
T000885,C065,B045,8581.71,2025-01-28 07:58:59,UK,SWIFT,DEV-02-C065,Groceries
T000301,C019,B191,8219.54,2025-01-28 11:11:23,UK,SWIFT,DEV-02-C019,Crypto Exchange
T002012,C146,B098,22590.67,2025-01-28 15:51:52,India,IMPS,DEV-02-C146,Healthcare
T001332,C095,B187,5884.58,2025-01-28 16:14:54,UAE,SWIFT,DEV-02-C095,Fuel
T001686,C122,B087,11311.27,2025-01-28 16:55:03,UAE,IMPS,DEV-02-C122,Utilities
T001866,C136,B156,17911.92,2025-01-28 16:55:13,USA,SWIFT,DEV-03-C136,Electronics
T000848,C061,B274,20436.91,2025-01-28 18:15:37,UK,NEFT,DEV-03-C061,Utilities
T000501,C034,B275,41781.68,2025-01-28 20:01:57,India,RTGS,DEV-03-C034,Healthcare
T001632,C117,B175,9072.4,2025-01-28 20:11:42,USA,IMPS,DEV-01-C117,Dining
T001260,C092,B014,15495.42,2025-01-28 20:19:44,UK,NEFT,DEV-01-C092,Jewelry
T000973,C071,B128,10440.82,2025-01-28 21:25:59,India,SWIFT,DEV-03-C071,Fuel
T001373,C098,B092,6901.7,2025-01-28 23:57:25,India,NEFT,DEV-01-C098,Dining
T000398,C024,B284,29248.58,2025-01-29 00:29:26,India,SWIFT,DEV-03-C024,Entertainment
T001272,C092,B007,4639.95,2025-01-29 00:56:04,UK,SWIFT,DEV-03-C092,Fuel
T001257,C091,B151,13208.87,2025-01-29 01:54:16,UAE,NEFT,DEV-03-C091,Crypto Exchange
T001942,C142,B248,18870.98,2025-01-29 06:16:09,UAE,IMPS,DEV-01-C142,Electronics
T000645,C045,B103,12681.82,2025-01-29 07:27:56,USA,UPI,DEV-03-C045,Crypto Exchange
T001420,C103,B149,48624.19,2025-01-29 07:37:35,USA,Cash Deposit,DEV-01-C103,Jewelry
T002053,C149,B122,16451.25,2025-01-29 08:02:39,India,Cash Deposit,DEV-01-C149,Dining
T000527,C036,B007,15440.02,2025-01-29 08:03:13,UK,SWIFT,DEV-01-C036,Jewelry
T000342,C021,B019,8983.51,2025-01-29 11:46:14,UAE,NEFT,DEV-01-C021,Groceries
T001912,C140,B198,4524.12,2025-01-29 12:45:01,USA,IMPS,DEV-03-C140,Travel
T000142,C008,B048,1448.09,2025-01-29 13:37:06,UAE,SWIFT,DEV-03-C008,Electronics
T001148,C084,B217,15434.33,2025-01-29 14:02:51,USA,NEFT,DEV-03-C084,Jewelry
T001604,C116,B104,19301.74,2025-01-29 15:00:25,USA,SWIFT,DEV-01-C116,Fuel
T000887,C066,B280,4121.51,2025-01-29 15:20:58,Nigeria,IMPS,DEV-02-C066,Fuel
T000798,C058,B210,18617.69,2025-01-29 16:13:05,UAE,NEFT,DEV-03-C058,Entertainment
T001585,C115,B219,15743.24,2025-01-29 16:31:19,USA,NEFT,DEV-03-C115,Utilities
T000419,C026,B116,15460.02,2025-01-29 21:29:31,Singapore,Cash Deposit,DEV-01-C026,Entertainment
T000784,C057,B024,18670.44,2025-01-29 22:51:41,Singapore,SWIFT,DEV-03-C057,Jewelry
T002004,C146,B169,10608.64,2025-01-29 23:12:26,Singapore,NEFT,DEV-01-C146,Fuel
T000773,C056,B272,6123.82,2025-01-29 23:13:09,UK,NEFT,DEV-01-C056,Travel
T001954,C143,B223,4193.87,2025-01-29 23:14:13,USA,IMPS,DEV-01-C143,Fuel
T000113,C007,B181,11156.02,2025-01-29 23:49:04,UK,SWIFT,DEV-03-C007,Jewelry
T001936,C142,B201,13869.12,2025-01-30 00:57:27,Nigeria,IMPS,DEV-01-C142,Jewelry
T002000,C146,B149,14516.98,2025-01-30 01:08:06,UK,UPI,DEV-02-C146,Electronics
T000513,C035,B040,21218.03,2025-01-30 01:21:56,UAE,RTGS,DEV-01-C035,Crypto Exchange
T001967,C144,B073,21103.27,2025-01-30 02:22:23,UAE,IMPS,DEV-03-C144,Jewelry
T001234,C090,B163,9044.1,2025-01-30 02:26:02,USA,Cash Deposit,DEV-02-C090,Healthcare
T000505,C035,B116,8567.73,2025-01-30 02:59:29,Nigeria,NEFT,DEV-03-C035,Groceries
T001081,C079,B004,16129.38,2025-01-30 03:49:43,UAE,IMPS,DEV-02-C079,Groceries
T000535,C037,B070,5322.75,2025-01-30 04:03:53,Singapore,RTGS,DEV-03-C037,Electronics
T001963,C143,B128,17244.26,2025-01-30 04:26:55,India,RTGS,DEV-02-C143,Jewelry
T000477,C032,B116,12978.31,2025-01-30 04:45:59,Nigeria,IMPS,DEV-02-C032,Groceries
T000092,C006,B292,16641.79,2025-01-30 05:15:50,UK,RTGS,DEV-01-C006,Dining
T001388,C099,B274,34491.14,2025-01-30 06:41:06,India,NEFT,DEV-02-C099,Entertainment
T000150,C008,B092,4090.45,2025-01-30 08:20:04,India,Cash Deposit,DEV-03-C008,Travel
T001790,C131,B129,44419.88,2025-01-30 09:22:42,Nigeria,Cash Deposit,DEV-02-C131,Electronics
T001464,C107,B079,16636.89,2025-01-30 09:27:52,USA,RTGS,DEV-01-C107,Utilities
T001596,C116,B250,5811.41,2025-01-30 09:34:30,USA,RTGS,DEV-02-C116,Healthcare
T001405,C101,B107,18159.68,2025-01-30 10:34:47,UK,RTGS,DEV-02-C101,Utilities
T002051,C149,B133,18210.13,2025-01-30 10:59:48,UAE,UPI,DEV-03-C149,Dining
T000156,C009,B289,18462.41,2025-01-30 11:59:17,India,IMPS,DEV-01-C009,Jewelry
T000533,C036,B070,12665.73,2025-01-30 13:54:16,India,SWIFT,DEV-02-C036,Crypto Exchange
T000890,C066,B044,7094.52,2025-01-30 13:58:54,UAE,Cash Deposit,DEV-03-C066,Fuel
T001988,C145,B118,20596.5,2025-01-30 15:08:17,Nigeria,NEFT,DEV-02-C145,Healthcare
T001687,C122,B079,8146.74,2025-01-30 18:52:56,UK,Cash Deposit,DEV-01-C122,Groceries
T001853,C135,B064,37430.9,2025-01-30 23:40:10,UAE,Cash Deposit,DEV-02-C135,Electronics
T001932,C142,B164,44968.92,2025-01-30 23:46:09,USA,Cash Deposit,DEV-01-C142,Dining
T000629,C045,B029,25212.79,2025-01-31 00:41:53,Nigeria,Cash Deposit,DEV-03-C045,Travel
T001012,C073,B200,7273.59,2025-01-31 00:53:09,UAE,IMPS,DEV-03-C073,Dining
T000343,C021,B162,27175.98,2025-01-31 02:31:45,USA,SWIFT,DEV-03-C021,Entertainment
T001814,C133,B295,32803.09,2025-01-31 03:05:00,USA,IMPS,DEV-03-C133,Entertainment
T000183,C011,B082,23804.1,2025-01-31 04:06:01,USA,NEFT,DEV-03-C011,Healthcare
T001201,C088,B003,31433.56,2025-01-31 04:38:20,India,Cash Deposit,DEV-03-C088,Utilities
T001209,C089,B037,6434.23,2025-01-31 05:33:44,USA,UPI,DEV-03-C089,Entertainment
T000127,C007,B014,19391.31,2025-01-31 06:54:47,USA,Cash Deposit,DEV-02-C007,Healthcare
T001647,C119,B283,8267.66,2025-01-31 07:36:03,USA,UPI,DEV-03-C119,Travel
T001213,C090,B183,9971.88,2025-01-31 08:02:22,Singapore,IMPS,DEV-03-C090,Jewelry
T001005,C073,B117,10388.01,2025-01-31 10:27:58,Singapore,Cash Deposit,DEV-02-C073,Dining
T000536,C037,B246,22068.83,2025-01-31 12:06:00,UAE,SWIFT,DEV-02-C037,Dining
T001468,C108,B231,5259.78,2025-01-31 12:58:33,UK,SWIFT,DEV-02-C108,Groceries
T000572,C038,B096,8261.44,2025-01-31 13:01:28,UK,RTGS,DEV-01-C038,Fuel
T000061,C003,B235,3406.76,2025-01-31 16:44:46,India,NEFT,DEV-02-C003,Crypto Exchange
T000522,C036,B200,16078.36,2025-01-31 17:54:49,Singapore,NEFT,DEV-01-C036,Groceries
T000371,C023,B065,10827.97,2025-01-31 18:43:40,Nigeria,NEFT,DEV-02-C023,Entertainment
T001129,C083,B081,3869.36,2025-01-31 19:49:11,India,RTGS,DEV-03-C083,Utilities
T001130,C083,B095,15323.68,2025-01-31 20:03:21,UAE,Cash Deposit,DEV-01-C083,Fuel
T001770,C129,B192,1808.22,2025-01-31 20:52:51,USA,SWIFT,DEV-03-C129,Electronics
T001981,C145,B088,44626.35,2025-01-31 20:59:07,UK,IMPS,DEV-02-C145,Jewelry
T001500,C109,B211,20845.22,2025-01-31 22:30:56,India,Cash Deposit,DEV-01-C109,Healthcare
T000325,C020,B015,17836.22,2025-01-31 22:35:22,India,Cash Deposit,DEV-03-C020,Fuel
T000475,C032,B269,5419.04,2025-01-31 22:42:18,Nigeria,SWIFT,DEV-02-C032,Travel
T001389,C100,B235,10654.75,2025-02-01 02:09:42,UAE,NEFT,DEV-03-C100,Jewelry
T001475,C108,B146,35984.55,2025-02-01 02:46:44,India,NEFT,DEV-03-C108,Groceries
T000820,C060,B252,13554.23,2025-02-01 03:07:51,UAE,UPI,DEV-02-C060,Groceries
T001058,C078,B123,13399.77,2025-02-01 03:16:17,Nigeria,NEFT,DEV-03-C078,Jewelry
T000430,C027,B148,3443.11,2025-02-01 04:22:29,Singapore,Cash Deposit,DEV-01-C027,Utilities
T000297,C019,B097,13840.77,2025-02-01 05:12:41,USA,SWIFT,DEV-03-C019,Travel
T000192,C011,B234,23294.74,2025-02-01 05:47:44,UAE,Cash Deposit,DEV-01-C011,Crypto Exchange
T000640,C045,B115,12747.06,2025-02-01 05:51:10,UAE,SWIFT,DEV-03-C045,Fuel
T000135,C008,B138,1851.87,2025-02-01 07:01:26,UAE,NEFT,DEV-02-C008,Entertainment
T000586,C039,B087,19494.91,2025-02-01 10:10:03,Nigeria,UPI,DEV-02-C039,Crypto Exchange
T001153,C085,B129,25995.73,2025-02-01 11:08:56,Nigeria,Cash Deposit,DEV-03-C085,Travel
T002056,C149,B189,12264.97,2025-02-01 12:17:02,India,Cash Deposit,DEV-03-C149,Dining
T001336,C096,B297,3266.21,2025-02-01 15:34:13,UK,IMPS,DEV-03-C096,Fuel
T001801,C132,B154,17501.88,2025-02-01 15:49:13,USA,NEFT,DEV-03-C132,Groceries
T001395,C100,B048,72870.52,2025-02-01 16:29:20,India,RTGS,DEV-03-C100,Electronics
T000593,C039,B250,2458.51,2025-02-01 18:38:21,USA,NEFT,DEV-03-C039,Utilities
T001349,C096,B127,27338.64,2025-02-01 18:39:17,UK,RTGS,DEV-01-C096,Crypto Exchange
T001656,C119,B054,12105.73,2025-02-01 19:56:19,USA,RTGS,DEV-01-C119,Fuel
T000404,C025,B072,27366.84,2025-02-01 20:12:56,USA,UPI,DEV-01-C025,Healthcare
T001743,C127,B265,12222.73,2025-02-01 20:44:48,USA,IMPS,DEV-01-C127,Utilities
T000898,C066,B231,25017.58,2025-02-01 21:06:06,USA,Cash Deposit,DEV-02-C066,Crypto Exchange
T000239,C014,B120,20856.07,2025-02-01 21:35:57,UAE,RTGS,DEV-01-C014,Dining
T001512,C110,B161,24724.87,2025-02-01 23:17:30,USA,Cash Deposit,DEV-02-C110,Electronics
T000442,C029,B137,8327.01,2025-02-02 00:04:57,Singapore,RTGS,DEV-03-C029,Crypto Exchange
T000176,C010,B083,16765.59,2025-02-02 00:29:53,UK,Cash Deposit,DEV-02-C010,Dining
T001167,C086,B153,21525.99,2025-02-02 03:32:41,India,NEFT,DEV-01-C086,Healthcare
T001390,C100,B260,10647.67,2025-02-02 03:56:23,Nigeria,Cash Deposit,DEV-02-C100,Entertainment
T001849,C135,B069,10980.7,2025-02-02 05:43:28,UAE,Cash Deposit,DEV-03-C135,Fuel
T001288,C093,B199,11529.37,2025-02-02 07:08:30,India,UPI,DEV-02-C093,Travel
T001119,C082,B157,15659.77,2025-02-02 09:16:24,UK,SWIFT,DEV-03-C082,Travel
T001645,C119,B276,5127.39,2025-02-02 11:25:30,UK,Cash Deposit,DEV-03-C119,Travel
T001729,C126,B100,19077.13,2025-02-02 11:55:15,India,RTGS,DEV-01-C126,Electronics
T000633,C045,B016,28365.79,2025-02-02 12:37:56,UK,UPI,DEV-03-C045,Utilities
T000434,C028,B055,15334.87,2025-02-02 12:42:16,Singapore,SWIFT,DEV-03-C028,Jewelry
T001903,C140,B220,16590.73,2025-02-02 16:13:07,Singapore,Cash Deposit,DEV-02-C140,Fuel
T001839,C134,B008,6006.14,2025-02-02 17:32:19,UAE,Cash Deposit,DEV-03-C134,Utilities
T001937,C142,B201,16954.9,2025-02-02 18:13:21,UK,Cash Deposit,DEV-02-C142,Fuel
T000120,C007,B168,4162.01,2025-02-02 18:25:59,UK,UPI,DEV-02-C007,Dining
T001307,C094,B029,1167.12,2025-02-02 18:56:28,Nigeria,NEFT,DEV-02-C094,Utilities
T000785,C057,B269,7487.27,2025-02-02 19:12:46,UK,Cash Deposit,DEV-01-C057,Fuel
T001637,C118,B044,14232.88,2025-02-02 20:18:16,Singapore,SWIFT,DEV-01-C118,Healthcare
T001766,C129,B057,42561.94,2025-02-02 20:29:24,UAE,UPI,DEV-02-C129,Electronics
T000340,C021,B280,6341.27,2025-02-02 20:52:20,Nigeria,IMPS,DEV-03-C021,Entertainment
T000198,C011,B136,8317.52,2025-02-02 20:54:17,USA,Cash Deposit,DEV-02-C011,Utilities
T001392,C100,B227,17162.75,2025-02-02 21:11:30,Nigeria,NEFT,DEV-03-C100,Entertainment
T001742,C127,B052,7247.64,2025-02-02 23:21:49,Nigeria,Cash Deposit,DEV-01-C127,Entertainment
T001764,C128,B090,24857.08,2025-02-02 23:49:55,USA,IMPS,DEV-01-C128,Electronics
T001198,C087,B098,15860.75,2025-02-03 00:31:38,UK,Cash Deposit,DEV-03-C087,Dining
T000007,C001,B217,9048.62,2025-02-03 00:50:28,Singapore,IMPS,DEV-01-C001,Fuel
T001796,C132,B237,27529.29,2025-02-03 01:47:39,India,UPI,DEV-01-C132,Healthcare
T000153,C009,B226,27091.81,2025-02-03 01:54:08,UAE,NEFT,DEV-02-C009,Entertainment
T001592,C116,B136,19654.76,2025-02-03 03:22:00,UAE,IMPS,DEV-01-C116,Utilities
T001184,C087,B171,22211.18,2025-02-03 03:25:48,UK,Cash Deposit,DEV-03-C087,Crypto Exchange
T001581,C115,B263,4908.07,2025-02-03 04:19:23,UK,Cash Deposit,DEV-01-C115,Travel
T001123,C082,B078,6905.44,2025-02-03 04:25:10,UK,Cash Deposit,DEV-01-C082,Utilities
T000774,C056,B103,3590.75,2025-02-03 06:28:43,UK,RTGS,DEV-02-C056,Travel
T000553,C037,B160,41923.0,2025-02-03 07:24:11,UK,IMPS,DEV-03-C037,Entertainment
T001827,C134,B196,5758.14,2025-02-03 08:46:49,Nigeria,SWIFT,DEV-01-C134,Healthcare
T000144,C008,B272,6708.87,2025-02-03 09:00:46,UK,Cash Deposit,DEV-03-C008,Fuel
T000677,C049,B249,14451.53,2025-02-03 09:39:27,USA,RTGS,DEV-02-C049,Healthcare
T000372,C023,B265,3054.63,2025-02-03 10:46:39,UAE,RTGS,DEV-03-C023,Crypto Exchange
T000338,C021,B035,53221.46,2025-02-03 11:26:52,UAE,Cash Deposit,DEV-03-C021,Utilities
T000551,C037,B078,22078.19,2025-02-03 11:49:56,India,SWIFT,DEV-01-C037,Dining
T000191,C011,B248,29227.33,2025-02-03 12:11:49,Singapore,RTGS,DEV-03-C011,Healthcare
T001478,C108,B220,15187.99,2025-02-03 12:14:29,Singapore,SWIFT,DEV-02-C108,Groceries
T000085,C004,B223,23623.7,2025-02-03 13:30:33,Nigeria,UPI,DEV-02-C004,Crypto Exchange
T000465,C031,B236,16285.96,2025-02-03 14:36:38,UAE,UPI,DEV-01-C031,Utilities
T000423,C027,B041,16156.25,2025-02-03 15:05:07,UK,Cash Deposit,DEV-02-C027,Entertainment
T001120,C082,B010,21366.7,2025-02-03 16:03:20,Nigeria,UPI,DEV-02-C082,Dining
T000699,C051,B122,38437.32,2025-02-03 16:07:34,Singapore,IMPS,DEV-03-C051,Utilities
T000983,C072,B258,15949.83,2025-02-03 17:14:30,UK,Cash Deposit,DEV-01-C072,Entertainment
T000964,C070,B179,22084.67,2025-02-03 17:40:32,Singapore,IMPS,DEV-03-C070,Electronics
T000175,C010,B241,24949.53,2025-02-03 18:48:28,UK,UPI,DEV-02-C010,Utilities
T001911,C140,B042,13528.64,2025-02-03 19:40:37,UK,SWIFT,DEV-03-C140,Utilities
T000867,C063,B048,8553.65,2025-02-03 22:10:04,UAE,IMPS,DEV-03-C063,Fuel
T001562,C114,B064,6447.5,2025-02-03 22:38:13,India,IMPS,DEV-02-C114,Travel
T001181,C087,B171,13566.71,2025-02-03 22:44:37,USA,Cash Deposit,DEV-01-C087,Groceries
T001654,C119,B120,22419.47,2025-02-04 00:20:40,Singapore,UPI,DEV-03-C119,Crypto Exchange
T000701,C051,B035,38213.5,2025-02-04 00:40:49,Singapore,NEFT,DEV-03-C051,Groceries
T000585,C039,B292,8934.17,2025-02-04 01:27:33,USA,UPI,DEV-03-C039,Jewelry
T000999,C072,B063,9372.83,2025-02-04 02:06:00,Nigeria,RTGS,DEV-01-C072,Crypto Exchange
T001401,C101,B177,11098.01,2025-02-04 02:42:59,Singapore,SWIFT,DEV-03-C101,Utilities
T001701,C123,B195,15797.79,2025-02-04 02:51:47,Nigeria,IMPS,DEV-03-C123,Jewelry
T001219,C090,B058,20382.4,2025-02-04 02:54:59,UK,SWIFT,DEV-01-C090,Dining
T001424,C104,B297,5363.94,2025-02-04 03:21:20,UAE,NEFT,DEV-01-C104,Jewelry
T000293,C019,B029,3477.12,2025-02-04 04:05:05,USA,NEFT,DEV-02-C019,Entertainment
T001440,C104,B179,6659.88,2025-02-04 04:41:35,UAE,RTGS,DEV-03-C104,Crypto Exchange
T001382,C099,B076,6879.28,2025-02-04 06:49:52,Singapore,SWIFT,DEV-01-C099,Crypto Exchange
T000044,C002,B221,7718.76,2025-02-04 09:34:23,UK,SWIFT,DEV-02-C002,Groceries
T000138,C008,B109,7226.13,2025-02-04 10:48:07,Singapore,UPI,DEV-02-C008,Crypto Exchange
T000830,C060,B175,17838.97,2025-02-04 11:32:01,Nigeria,UPI,DEV-03-C060,Jewelry
T000014,C001,B190,11134.82,2025-02-04 11:50:26,UAE,Cash Deposit,DEV-02-C001,Utilities
T000769,C055,B114,20255.72,2025-02-04 11:52:13,UAE,Cash Deposit,DEV-02-C055,Healthcare
T001247,C091,B197,5708.52,2025-02-04 11:55:33,UAE,IMPS,DEV-02-C091,Crypto Exchange
T001905,C140,B030,37390.73,2025-02-04 13:36:29,Singapore,NEFT,DEV-01-C140,Entertainment
T001459,C106,B205,34728.94,2025-02-04 13:46:00,UK,Cash Deposit,DEV-03-C106,Healthcare
T000806,C059,B169,1590.74,2025-02-04 17:05:57,UK,RTGS,DEV-02-C059,Utilities
T001073,C078,B296,1558.56,2025-02-04 18:06:54,Nigeria,SWIFT,DEV-03-C078,Healthcare
T000659,C047,B275,38497.99,2025-02-04 18:52:12,UAE,SWIFT,DEV-02-C047,Entertainment
T000852,C063,B017,25833.4,2025-02-04 19:47:26,UK,NEFT,DEV-03-C063,Jewelry
T001577,C115,B068,38162.72,2025-02-04 20:38:01,Nigeria,NEFT,DEV-02-C115,Jewelry
T000786,C057,B251,9905.01,2025-02-04 21:06:54,UAE,IMPS,DEV-02-C057,Groceries
T001135,C083,B014,17810.7,2025-02-04 21:08:22,India,Cash Deposit,DEV-02-C083,Travel
T000487,C033,B134,29769.27,2025-02-04 22:01:57,USA,SWIFT,DEV-02-C033,Utilities
T002035,C148,B170,29816.78,2025-02-05 00:11:09,Nigeria,UPI,DEV-03-C148,Crypto Exchange
T000335,C021,B269,3150.58,2025-02-05 00:16:03,India,RTGS,DEV-03-C021,Jewelry
T000868,C063,B170,13051.17,2025-02-05 00:43:11,Singapore,IMPS,DEV-03-C063,Jewelry
T000713,C052,B028,14133.82,2025-02-05 00:47:32,India,SWIFT,DEV-01-C052,Dining
T001067,C078,B032,4413.15,2025-02-05 01:01:07,USA,Cash Deposit,DEV-02-C078,Fuel
T000619,C043,B007,10046.9,2025-02-05 01:25:11,Singapore,IMPS,DEV-02-C043,Crypto Exchange
T001904,C140,B123,14843.04,2025-02-05 01:40:54,Nigeria,SWIFT,DEV-02-C140,Crypto Exchange
T000986,C072,B167,367.35,2025-02-05 02:35:40,USA,UPI,DEV-01-C072,Jewelry
T000022,C001,B205,4281.45,2025-02-05 03:30:46,UAE,IMPS,DEV-03-C001,Entertainment
T001943,C143,B005,6689.06,2025-02-05 04:02:50,Nigeria,RTGS,DEV-01-C143,Travel
T000309,C020,B010,21075.92,2025-02-05 04:54:49,Singapore,IMPS,DEV-01-C020,Fuel
T001976,C145,B046,31991.89,2025-02-05 05:25:50,Singapore,UPI,DEV-01-C145,Electronics
T001517,C110,B075,7041.13,2025-02-05 05:50:48,UK,Cash Deposit,DEV-02-C110,Dining
T001487,C109,B154,1600.1,2025-02-05 06:37:49,UK,IMPS,DEV-02-C109,Utilities
T000827,C060,B175,11288.96,2025-02-05 06:38:57,India,IMPS,DEV-02-C060,Fuel
T002134,C930,B709,5929.55,2025-02-05 06:57:05,Singapore,SWIFT,DEV-02-C930,Crypto Exchange
T001962,C143,B153,12966.74,2025-02-05 07:09:19,USA,IMPS,DEV-02-C143,Groceries
T000538,C037,B202,24526.27,2025-02-05 10:32:52,India,RTGS,DEV-01-C037,Crypto Exchange
T000989,C072,B191,33147.14,2025-02-05 10:41:36,UK,UPI,DEV-02-C072,Travel
T000918,C068,B194,24222.34,2025-02-05 11:12:11,USA,Cash Deposit,DEV-01-C068,Jewelry
T000620,C043,B216,10041.72,2025-02-05 11:28:21,USA,Cash Deposit,DEV-01-C043,Entertainment
T001364,C098,B021,7397.47,2025-02-05 11:50:33,Singapore,IMPS,DEV-03-C098,Jewelry
T000223,C013,B286,1228.11,2025-02-05 12:19:03,India,SWIFT,DEV-01-C013,Dining
T001019,C074,B158,24906.26,2025-02-05 12:20:12,UK,UPI,DEV-01-C074,Dining
T001065,C078,B026,12255.54,2025-02-05 13:40:00,UAE,RTGS,DEV-03-C078,Utilities
T002135,C930,B710,3773.91,2025-02-05 14:32:53,USA,RTGS,DEV-02-C930,Fuel
T000359,C022,B272,37484.46,2025-02-05 15:03:19,UK,UPI,DEV-03-C022,Dining
T001950,C143,B228,4512.95,2025-02-05 15:55:29,India,NEFT,DEV-01-C143,Utilities
T000446,C029,B152,20825.77,2025-02-05 16:26:21,USA,IMPS,DEV-01-C029,Travel
T000608,C041,B161,22996.93,2025-02-05 16:28:50,Singapore,IMPS,DEV-02-C041,Travel
T000636,C045,B086,44480.08,2025-02-05 16:46:28,UAE,UPI,DEV-01-C045,Crypto Exchange
T001538,C111,B046,23727.09,2025-02-05 17:18:57,UAE,RTGS,DEV-01-C111,Groceries
T000746,C054,B141,19586.28,2025-02-05 18:19:19,UK,RTGS,DEV-02-C054,Utilities
T002063,C150,B223,23317.42,2025-02-05 18:59:36,UAE,SWIFT,DEV-01-C150,Entertainment
T000914,C067,B136,3312.39,2025-02-05 20:50:46,UAE,NEFT,DEV-03-C067,Electronics
T001400,C101,B219,17014.43,2025-02-05 21:18:00,UK,UPI,DEV-01-C101,Dining
T000269,C016,B081,13700.86,2025-02-05 22:17:10,Singapore,Cash Deposit,DEV-02-C016,Crypto Exchange
T000949,C070,B092,10834.14,2025-02-05 22:39:31,USA,RTGS,DEV-02-C070,Dining
T001034,C075,B256,15053.4,2025-02-06 01:25:04,UK,Cash Deposit,DEV-01-C075,Fuel
T001046,C076,B080,4941.75,2025-02-06 01:25:17,India,IMPS,DEV-01-C076,Entertainment
T001667,C120,B061,43875.4,2025-02-06 01:34:54,Singapore,UPI,DEV-02-C120,Dining
T000632,C045,B086,11942.99,2025-02-06 02:31:06,UAE,Cash Deposit,DEV-02-C045,Utilities
T000358,C022,B190,18819.44,2025-02-06 02:51:14,UK,NEFT,DEV-03-C022,Travel
T001369,C098,B033,19188.52,2025-02-06 04:43:08,Singapore,SWIFT,DEV-02-C098,Jewelry
T001425,C104,B145,14238.03,2025-02-06 05:11:09,UK,SWIFT,DEV-02-C104,Travel
T000504,C035,B041,60162.33,2025-02-06 05:16:23,UK,SWIFT,DEV-03-C035,Electronics
T000337,C021,B199,20994.6,2025-02-06 05:51:27,Singapore,Cash Deposit,DEV-01-C021,Fuel
T001567,C114,B202,17828.01,2025-02-06 06:27:14,USA,NEFT,DEV-02-C114,Travel
T001893,C139,B091,8557.74,2025-02-06 09:00:03,UAE,Cash Deposit,DEV-01-C139,Electronics
T001690,C122,B133,10153.3,2025-02-06 11:00:32,India,NEFT,DEV-01-C122,Electronics
T000919,C068,B129,7730.02,2025-02-06 12:54:34,UAE,RTGS,DEV-02-C068,Fuel
T000476,C032,B154,6871.71,2025-02-06 13:12:56,UAE,RTGS,DEV-02-C032,Electronics
T000416,C026,B270,11522.0,2025-02-06 14:03:55,Singapore,IMPS,DEV-02-C026,Jewelry
T001898,C139,B044,18755.54,2025-02-06 16:10:16,India,UPI,DEV-01-C139,Fuel
T001484,C108,B163,7354.11,2025-02-06 16:11:32,USA,SWIFT,DEV-02-C108,Crypto Exchange
T000010,C001,B064,1727.32,2025-02-06 18:02:56,India,RTGS,DEV-02-C001,Crypto Exchange
T001156,C086,B082,15476.79,2025-02-06 18:23:06,USA,SWIFT,DEV-01-C086,Travel
T000199,C012,B274,16026.73,2025-02-06 21:29:09,Singapore,Cash Deposit,DEV-03-C012,Entertainment
T001926,C141,B161,12681.37,2025-02-06 21:55:07,USA,Cash Deposit,DEV-01-C141,Dining
T000278,C016,B067,20218.42,2025-02-06 21:56:51,USA,Cash Deposit,DEV-01-C016,Jewelry
T000225,C014,B300,17183.59,2025-02-06 23:51:13,Nigeria,UPI,DEV-01-C014,Electronics
T001002,C073,B041,12493.31,2025-02-06 23:57:35,USA,UPI,DEV-02-C073,Travel
T001541,C111,B254,11318.23,2025-02-07 02:17:44,UAE,SWIFT,DEV-01-C111,Crypto Exchange
T001851,C135,B230,30498.22,2025-02-07 02:59:23,USA,Cash Deposit,DEV-03-C135,Electronics
T000676,C049,B010,11145.29,2025-02-07 03:17:06,Nigeria,UPI,DEV-02-C049,Jewelry
T000607,C041,B118,29482.84,2025-02-07 04:37:03,India,Cash Deposit,DEV-01-C041,Utilities
T001211,C089,B055,15333.78,2025-02-07 05:51:07,India,NEFT,DEV-02-C089,Healthcare
T001224,C090,B247,18233.29,2025-02-07 06:21:25,India,UPI,DEV-01-C090,Crypto Exchange
T001450,C105,B060,7868.75,2025-02-07 08:36:17,Singapore,SWIFT,DEV-03-C105,Dining
T000702,C051,B025,8182.86,2025-02-07 11:17:55,UK,Cash Deposit,DEV-02-C051,Travel
T000194,C011,B196,6047.58,2025-02-07 11:37:43,Nigeria,Cash Deposit,DEV-01-C011,Entertainment
T000361,C022,B266,5501.83,2025-02-07 13:44:45,USA,NEFT,DEV-02-C022,Dining
T001675,C121,B210,258.78,2025-02-07 14:19:23,UAE,SWIFT,DEV-02-C121,Jewelry
T000855,C063,B196,12497.51,2025-02-07 15:04:04,UK,Cash Deposit,DEV-02-C063,Jewelry
T000881,C064,B209,24706.38,2025-02-07 16:10:53,UK,Cash Deposit,DEV-02-C064,Healthcare
T000915,C068,B185,43547.42,2025-02-07 16:19:20,UK,SWIFT,DEV-01-C068,Groceries
T000569,C038,B262,7457.3,2025-02-07 17:11:06,UK,RTGS,DEV-01-C038,Crypto Exchange
T000115,C007,B015,18842.45,2025-02-07 18:06:10,Singapore,Cash Deposit,DEV-03-C007,Healthcare
T001040,C076,B243,33504.87,2025-02-07 18:43:19,Nigeria,UPI,DEV-02-C076,Travel
T000051,C003,B002,6605.05,2025-02-07 21:44:55,Singapore,SWIFT,DEV-02-C003,Healthcare
T001836,C134,B053,12784.32,2025-02-07 22:12:24,Nigeria,UPI,DEV-02-C134,Groceries
T000626,C044,B168,12952.59,2025-02-07 22:28:13,USA,Cash Deposit,DEV-03-C044,Utilities
T001938,C142,B201,12713.16,2025-02-07 23:14:35,India,RTGS,DEV-03-C142,Dining
T001217,C090,B187,10764.62,2025-02-08 01:36:19,UAE,Cash Deposit,DEV-03-C090,Fuel
T002107,C903,B502,5290.02,2025-02-08 02:06:15,USA,RTGS,DEV-01-C903,Entertainment
T002108,C903,B507,3252.76,2025-02-08 02:11:15,Nigeria,SWIFT,DEV-02-C903,Travel
T002109,C903,B500,5213.36,2025-02-08 02:16:15,Nigeria,SWIFT,DEV-01-C903,Dining
T002110,C903,B501,2417.6,2025-02-08 02:21:15,Singapore,RTGS,DEV-02-C903,Groceries
T002111,C903,B503,3128.83,2025-02-08 02:26:15,USA,NEFT,DEV-01-C903,Electronics
T002112,C903,B509,2043.91,2025-02-08 02:31:15,Singapore,IMPS,DEV-03-C903,Electronics
T000908,C067,B188,2828.27,2025-02-08 02:35:14,UAE,RTGS,DEV-03-C067,Dining
T002113,C903,B510,5716.81,2025-02-08 02:36:15,UAE,UPI,DEV-01-C903,Crypto Exchange
T002114,C903,B509,2179.5,2025-02-08 02:41:15,UK,NEFT,DEV-01-C903,Fuel
T002115,C903,B501,5774.04,2025-02-08 02:46:15,India,UPI,DEV-02-C903,Healthcare
T000712,C052,B026,19970.93,2025-02-08 03:31:42,USA,RTGS,DEV-02-C052,Travel
T001638,C118,B032,30069.82,2025-02-08 04:22:36,India,Cash Deposit,DEV-03-C118,Travel
T001821,C134,B049,7844.15,2025-02-08 05:02:27,Nigeria,NEFT,DEV-01-C134,Travel
T000400,C025,B050,10385.06,2025-02-08 05:51:43,Singapore,UPI,DEV-03-C025,Fuel
T001352,C096,B272,19380.97,2025-02-08 06:49:57,UK,Cash Deposit,DEV-01-C096,Entertainment
T001398,C101,B263,19821.74,2025-02-08 07:04:25,UAE,SWIFT,DEV-02-C101,Crypto Exchange
T001550,C112,B155,5207.07,2025-02-08 07:42:36,Nigeria,UPI,DEV-01-C112,Jewelry
T001024,C074,B224,15152.14,2025-02-08 07:50:20,UAE,IMPS,DEV-03-C074,Healthcare
T001455,C106,B074,4696.95,2025-02-08 07:58:38,UK,Cash Deposit,DEV-03-C106,Utilities
T001145,C084,B276,3704.04,2025-02-08 09:50:27,Nigeria,NEFT,DEV-03-C084,Healthcare
T000662,C047,B183,10252.0,2025-02-08 11:18:59,USA,NEFT,DEV-03-C047,Dining
T000485,C033,B105,8566.75,2025-02-08 12:13:10,UAE,RTGS,DEV-02-C033,Dining
T000729,C053,B285,17762.67,2025-02-08 13:54:15,USA,UPI,DEV-02-C053,Jewelry
T000595,C039,B274,37090.85,2025-02-08 14:44:42,UAE,SWIFT,DEV-01-C039,Entertainment
T000841,C060,B141,2968.4,2025-02-08 15:06:15,Singapore,UPI,DEV-02-C060,Travel
T001147,C084,B226,16233.05,2025-02-08 15:30:00,Singapore,UPI,DEV-02-C084,Travel
T001573,C115,B048,9894.97,2025-02-08 17:24:27,Singapore,IMPS,DEV-01-C115,Healthcare
T001097,C080,B281,11397.31,2025-02-08 18:10:59,Singapore,NEFT,DEV-02-C080,Jewelry
T001970,C144,B084,6945.22,2025-02-08 20:12:21,UK,NEFT,DEV-02-C144,Healthcare
T000956,C070,B197,21021.72,2025-02-08 21:34:12,USA,Cash Deposit,DEV-03-C070,Dining
T000643,C045,B024,38318.51,2025-02-08 22:13:21,India,SWIFT,DEV-02-C045,Dining
T001394,C100,B013,7957.07,2025-02-08 23:51:55,USA,IMPS,DEV-02-C100,Fuel
T001640,C119,B215,5738.04,2025-02-09 00:44:04,Nigeria,Cash Deposit,DEV-03-C119,Dining
T001489,C109,B294,2822.35,2025-02-09 00:47:29,UAE,RTGS,DEV-03-C109,Utilities
T002005,C146,B096,3586.63,2025-02-09 00:53:11,Singapore,NEFT,DEV-01-C146,Healthcare
T000469,C031,B023,8672.6,2025-02-09 01:20:46,UK,IMPS,DEV-03-C031,Electronics
T001494,C109,B213,22776.17,2025-02-09 01:25:45,Singapore,RTGS,DEV-03-C109,Entertainment
T000779,C056,B220,8902.37,2025-02-09 03:58:29,UK,SWIFT,DEV-02-C056,Groceries
T000057,C003,B121,7317.49,2025-02-09 04:51:54,India,RTGS,DEV-01-C003,Crypto Exchange
T000965,C070,B233,9322.42,2025-02-09 05:17:12,USA,NEFT,DEV-02-C070,Travel
T001004,C073,B293,3234.34,2025-02-09 07:11:19,India,NEFT,DEV-01-C073,Fuel
T000506,C035,B048,21688.58,2025-02-09 08:22:00,UK,SWIFT,DEV-03-C035,Entertainment
T001993,C145,B064,17115.06,2025-02-09 08:49:01,India,RTGS,DEV-01-C145,Groceries
T001502,C109,B121,17740.55,2025-02-09 09:44:10,UAE,NEFT,DEV-01-C109,Electronics
T001696,C122,B291,9650.04,2025-02-09 11:47:12,UK,NEFT,DEV-03-C122,Jewelry
T000525,C036,B263,15354.98,2025-02-09 14:48:42,India,NEFT,DEV-01-C036,Fuel
T002057,C149,B069,2562.17,2025-02-09 15:30:28,USA,UPI,DEV-02-C149,Groceries
T000162,C009,B002,3322.26,2025-02-09 15:54:53,UK,Cash Deposit,DEV-03-C009,Entertainment
T000710,C052,B098,39141.46,2025-02-09 17:41:28,Nigeria,RTGS,DEV-03-C052,Jewelry
T001249,C091,B138,21751.88,2025-02-09 21:19:17,USA,RTGS,DEV-02-C091,Groceries
T001279,C092,B007,14234.05,2025-02-09 22:16:44,India,RTGS,DEV-01-C092,Entertainment
T001131,C083,B212,15618.02,2025-02-09 22:17:09,Singapore,SWIFT,DEV-03-C083,Dining
T000500,C034,B283,12994.12,2025-02-09 22:29:17,India,NEFT,DEV-03-C034,Dining
T001378,C098,B172,22260.23,2025-02-09 23:18:40,USA,UPI,DEV-03-C098,Fuel
T000891,C066,B109,6593.69,2025-02-10 01:33:16,Nigeria,RTGS,DEV-01-C066,Travel
T000478,C032,B288,15901.53,2025-02-10 01:36:29,UK,RTGS,DEV-03-C032,Travel
T002154,C950,B902,3896.77,2025-02-10 02:00:00,UK,UPI,DEV-03-C950,Crypto Exchange
T002155,C950,B906,3469.05,2025-02-10 02:00:40,USA,RTGS,DEV-01-C950,Utilities
T002156,C950,B910,2735.47,2025-02-10 02:01:20,UAE,UPI,DEV-03-C950,Fuel
T002157,C950,B900,1451.52,2025-02-10 02:02:00,UK,IMPS,DEV-02-C950,Fuel
T002158,C950,B901,3376.05,2025-02-10 02:02:40,Nigeria,SWIFT,DEV-02-C950,Jewelry
T002159,C950,B900,3964.72,2025-02-10 02:03:20,UAE,Cash Deposit,DEV-02-C950,Crypto Exchange
T002160,C950,B901,1109.46,2025-02-10 02:04:00,Nigeria,IMPS,DEV-02-C950,Jewelry
T000413,C026,B078,16771.63,2025-02-10 02:16:00,Nigeria,IMPS,DEV-02-C026,Jewelry
T000652,C046,B267,33185.98,2025-02-10 02:29:31,Nigeria,UPI,DEV-02-C046,Utilities
T001635,C117,B220,16968.02,2025-02-10 03:18:49,UK,SWIFT,DEV-03-C117,Fuel
T001151,C085,B202,677.02,2025-02-10 03:39:46,Singapore,SWIFT,DEV-01-C085,Travel
T001841,C134,B023,18867.56,2025-02-10 08:36:16,USA,NEFT,DEV-02-C134,Fuel
T000254,C015,B205,38218.06,2025-02-10 09:19:34,Nigeria,NEFT,DEV-02-C015,Healthcare
T001323,C094,B146,11787.17,2025-02-10 09:52:05,Nigeria,SWIFT,DEV-03-C094,Travel
T000334,C021,B293,1053.36,2025-02-10 10:40:22,UAE,Cash Deposit,DEV-03-C021,Utilities
T000791,C058,B060,19679.32,2025-02-10 11:09:26,UK,SWIFT,DEV-01-C058,Jewelry
T001428,C104,B059,24309.74,2025-02-10 12:29:14,UK,NEFT,DEV-01-C104,Travel
T001671,C120,B023,32248.25,2025-02-10 13:01:14,UK,RTGS,DEV-02-C120,Crypto Exchange
T000432,C027,B090,27444.19,2025-02-10 13:44:33,UAE,NEFT,DEV-02-C027,Entertainment
T001756,C127,B154,23061.29,2025-02-10 15:37:50,Singapore,IMPS,DEV-01-C127,Entertainment
T001327,C095,B179,9502.74,2025-02-10 15:50:30,India,RTGS,DEV-01-C095,Electronics
T001973,C144,B084,15841.9,2025-02-10 17:56:25,UAE,UPI,DEV-02-C144,Healthcare
T000939,C069,B268,19814.6,2025-02-10 20:15:53,Singapore,NEFT,DEV-03-C069,Jewelry
T000793,C058,B155,22222.33,2025-02-10 20:42:05,Nigeria,NEFT,DEV-03-C058,Jewelry
T000993,C072,B091,2688.21,2025-02-10 22:12:51,UK,IMPS,DEV-03-C072,Jewelry
T001504,C109,B224,16077.48,2025-02-10 23:22:33,Nigeria,NEFT,DEV-01-C109,Travel
T000570,C038,B197,5433.33,2025-02-11 01:45:06,UAE,SWIFT,DEV-03-C038,Jewelry
T000329,C021,B271,1417.78,2025-02-11 02:15:18,India,UPI,DEV-01-C021,Dining
T000947,C069,B275,29745.69,2025-02-11 02:58:11,USA,UPI,DEV-03-C069,Dining
T001516,C110,B280,13371.54,2025-02-11 03:28:55,UK,Cash Deposit,DEV-01-C110,Dining
T001446,C105,B195,7997.67,2025-02-11 04:12:20,UAE,RTGS,DEV-01-C105,Healthcare
T000464,C031,B279,15468.11,2025-02-11 04:17:23,USA,SWIFT,DEV-01-C031,Electronics
T000165,C009,B102,14067.32,2025-02-11 06:38:44,India,RTGS,DEV-01-C009,Travel
T001800,C132,B215,16655.85,2025-02-11 07:59:52,Nigeria,SWIFT,DEV-03-C132,Jewelry
T001360,C098,B152,33295.12,2025-02-11 08:25:27,Singapore,Cash Deposit,DEV-03-C098,Jewelry
T000804,C059,B161,6408.43,2025-02-11 08:38:26,Nigeria,NEFT,DEV-01-C059,Groceries
T000946,C069,B080,4487.12,2025-02-11 08:49:07,Nigeria,RTGS,DEV-02-C069,Dining
T001315,C094,B104,9871.54,2025-02-11 09:08:40,Singapore,Cash Deposit,DEV-03-C094,Healthcare
T001864,C136,B041,8606.16,2025-02-11 09:12:38,Nigeria,SWIFT,DEV-02-C136,Travel
T000247,C015,B206,40920.33,2025-02-11 09:17:22,Nigeria,NEFT,DEV-02-C015,Entertainment
T001944,C143,B193,18214.29,2025-02-11 11:14:27,Nigeria,IMPS,DEV-01-C143,Utilities
T000333,C021,B150,23864.78,2025-02-11 16:11:56,India,RTGS,DEV-02-C021,Electronics
T000613,C042,B180,12854.59,2025-02-11 16:32:53,Singapore,IMPS,DEV-01-C042,Dining
T001470,C108,B252,6355.19,2025-02-11 19:33:35,UAE,UPI,DEV-03-C108,Healthcare
T000088,C005,B187,15332.57,2025-02-11 20:59:44,India,Cash Deposit,DEV-02-C005,Crypto Exchange
T001095,C080,B114,19472.13,2025-02-11 22:28:59,Singapore,SWIFT,DEV-01-C080,Travel
T001732,C126,B246,32108.99,2025-02-11 22:30:50,India,RTGS,DEV-03-C126,Fuel
T000838,C060,B284,9617.15,2025-02-12 00:31:16,USA,SWIFT,DEV-03-C060,Travel
T001493,C109,B154,16872.38,2025-02-12 00:45:16,Nigeria,RTGS,DEV-02-C109,Electronics
T001553,C113,B272,20471.28,2025-02-12 00:47:57,UAE,UPI,DEV-01-C113,Fuel
T000670,C048,B294,10639.53,2025-02-12 01:19:39,Nigeria,SWIFT,DEV-02-C048,Groceries
T001580,C115,B096,15699.83,2025-02-12 03:32:24,Nigeria,SWIFT,DEV-01-C115,Groceries
T002019,C147,B005,23163.32,2025-02-12 04:03:31,UK,UPI,DEV-02-C147,Entertainment
T000027,C002,B151,12174.23,2025-02-12 05:04:35,UAE,SWIFT,DEV-01-C002,Dining
T001917,C140,B055,9168.2,2025-02-12 05:22:30,Nigeria,NEFT,DEV-01-C140,Fuel
T001539,C111,B270,8679.26,2025-02-12 05:59:36,UK,Cash Deposit,DEV-02-C111,Utilities
T001240,C091,B196,7688.28,2025-02-12 06:03:58,USA,IMPS,DEV-03-C091,Travel
T000284,C018,B125,7708.34,2025-02-12 07:11:59,USA,SWIFT,DEV-03-C018,Utilities
T001556,C114,B161,6350.18,2025-02-12 07:25:48,UAE,UPI,DEV-03-C114,Entertainment
T001748,C127,B300,14495.52,2025-02-12 07:35:59,USA,Cash Deposit,DEV-02-C127,Dining
T000346,C021,B189,5564.12,2025-02-12 10:10:13,UK,Cash Deposit,DEV-02-C021,Healthcare
T002047,C149,B085,27637.33,2025-02-12 12:01:10,USA,SWIFT,DEV-03-C149,Healthcare
T000540,C037,B108,12335.05,2025-02-12 13:40:26,Singapore,Cash Deposit,DEV-01-C037,Healthcare
T000582,C039,B045,40499.15,2025-02-12 15:06:25,India,IMPS,DEV-01-C039,Crypto Exchange
T001631,C117,B104,26501.43,2025-02-12 15:11:48,UK,NEFT,DEV-01-C117,Entertainment
T001514,C110,B141,8762.39,2025-02-12 16:03:06,UK,UPI,DEV-03-C110,Groceries
T001445,C105,B095,986.82,2025-02-12 16:29:44,Nigeria,NEFT,DEV-01-C105,Fuel
T000921,C068,B072,10166.04,2025-02-12 17:02:17,UAE,IMPS,DEV-01-C068,Jewelry
T001661,C120,B217,14149.66,2025-02-12 17:27:38,Nigeria,SWIFT,DEV-03-C120,Healthcare
T000610,C041,B085,4790.37,2025-02-12 17:30:21,Singapore,Cash Deposit,DEV-01-C041,Travel
T001105,C080,B075,24370.56,2025-02-12 18:21:15,India,IMPS,DEV-01-C080,Fuel
T001834,C134,B079,48565.59,2025-02-12 18:48:27,Singapore,IMPS,DEV-01-C134,Groceries
T000599,C040,B081,12939.56,2025-02-12 20:16:14,UK,NEFT,DEV-02-C040,Electronics
T000741,C053,B097,13440.54,2025-02-12 21:16:27,UAE,SWIFT,DEV-03-C053,Entertainment
T000094,C006,B239,15878.76,2025-02-12 21:26:09,UK,Cash Deposit,DEV-01-C006,Jewelry
T000315,C020,B122,19587.77,2025-02-13 03:03:28,USA,UPI,DEV-03-C020,Entertainment
T001682,C122,B297,7624.96,2025-02-13 03:07:46,India,RTGS,DEV-03-C122,Fuel
T001782,C130,B152,22786.6,2025-02-13 03:46:20,USA,UPI,DEV-01-C130,Crypto Exchange
T001714,C125,B099,18153.53,2025-02-13 03:56:27,India,IMPS,DEV-03-C125,Groceries
T000523,C036,B158,37161.71,2025-02-13 04:18:34,Singapore,UPI,DEV-01-C036,Travel
T000454,C030,B262,27436.02,2025-02-13 06:02:59,India,SWIFT,DEV-01-C030,Jewelry
T000672,C049,B144,4874.79,2025-02-13 07:16:55,UAE,NEFT,DEV-03-C049,Crypto Exchange
T001659,C119,B110,20568.88,2025-02-13 07:38:15,India,UPI,DEV-03-C119,Jewelry
T000700,C051,B172,20115.35,2025-02-13 08:43:23,India,UPI,DEV-01-C051,Electronics
T001611,C116,B178,9480.26,2025-02-13 12:40:25,Nigeria,SWIFT,DEV-01-C116,Travel
T000327,C021,B241,24505.61,2025-02-13 13:19:01,USA,NEFT,DEV-01-C021,Groceries
T000859,C063,B151,11128.34,2025-02-13 13:48:52,UAE,Cash Deposit,DEV-01-C063,Travel
T001126,C083,B169,21031.47,2025-02-13 14:38:24,USA,IMPS,DEV-01-C083,Travel
T000006,C001,B113,22933.65,2025-02-13 14:43:58,USA,UPI,DEV-01-C001,Travel
T000658,C047,B085,3805.12,2025-02-13 15:33:59,UK,UPI,DEV-02-C047,Utilities
T000560,C038,B102,23207.02,2025-02-13 15:35:08,USA,SWIFT,DEV-02-C038,Groceries
T001108,C081,B157,22311.62,2025-02-13 16:43:10,UK,NEFT,DEV-02-C081,Electronics
T001007,C073,B267,14556.95,2025-02-13 17:14:55,UK,IMPS,DEV-01-C073,Groceries
T000158,C009,B195,5305.11,2025-02-13 17:46:29,UK,UPI,DEV-03-C009,Healthcare
T000298,C019,B032,6460.91,2025-02-13 17:47:41,India,UPI,DEV-03-C019,Utilities
T000705,C051,B084,6857.27,2025-02-13 19:34:33,India,NEFT,DEV-02-C051,Groceries
T000253,C015,B221,22201.85,2025-02-13 20:11:57,UAE,SWIFT,DEV-02-C015,Entertainment
T001144,C084,B056,6233.11,2025-02-13 20:19:35,UK,NEFT,DEV-01-C084,Jewelry
T001195,C087,B191,12295.1,2025-02-13 21:01:05,Singapore,IMPS,DEV-03-C087,Dining
T000591,C039,B193,14611.83,2025-02-13 21:13:01,India,Cash Deposit,DEV-01-C039,Healthcare
T000777,C056,B003,27215.26,2025-02-13 21:21:37,Singapore,IMPS,DEV-01-C056,Crypto Exchange
T001079,C079,B185,9081.88,2025-02-13 22:10:35,UK,SWIFT,DEV-01-C079,Groceries
T000656,C047,B163,6359.43,2025-02-13 23:00:08,Singapore,IMPS,DEV-01-C047,Electronics
T001218,C090,B167,9373.3,2025-02-14 00:13:33,UK,NEFT,DEV-01-C090,Entertainment
T001741,C127,B006,7278.97,2025-02-14 00:31:29,UK,SWIFT,DEV-02-C127,Crypto Exchange
T000933,C068,B176,32095.91,2025-02-14 00:39:43,USA,RTGS,DEV-01-C068,Electronics
T001872,C137,B157,50523.06,2025-02-14 00:58:18,Singapore,SWIFT,DEV-03-C137,Crypto Exchange
T000230,C014,B199,42603.12,2025-02-14 01:03:59,Singapore,Cash Deposit,DEV-03-C014,Jewelry
T000251,C015,B151,2169.04,2025-02-14 01:14:00,USA,RTGS,DEV-02-C015,Utilities
T001163,C086,B244,9178.66,2025-02-14 01:17:14,UK,SWIFT,DEV-01-C086,Crypto Exchange
T001056,C078,B188,18210.06,2025-02-14 02:04:50,India,Cash Deposit,DEV-03-C078,Healthcare
T001246,C091,B093,13481.29,2025-02-14 02:48:56,USA,SWIFT,DEV-03-C091,Entertainment
T000224,C014,B064,8607.12,2025-02-14 03:43:41,Singapore,Cash Deposit,DEV-03-C014,Dining
T000099,C006,B038,5587.69,2025-02-14 05:11:47,UK,Cash Deposit,DEV-03-C006,Electronics
T002050,C149,B263,16769.36,2025-02-14 05:15:15,USA,Cash Deposit,DEV-03-C149,Jewelry
T000808,C059,B205,10673.88,2025-02-14 07:48:44,Singapore,SWIFT,DEV-03-C059,Entertainment
T000455,C030,B213,12928.97,2025-02-14 08:25:03,USA,NEFT,DEV-03-C030,Entertainment
T000563,C038,B101,12846.62,2025-02-14 10:10:11,India,UPI,DEV-03-C038,Entertainment
T001820,C134,B222,35667.88,2025-02-14 10:49:00,UK,Cash Deposit,DEV-01-C134,Crypto Exchange
T001380,C098,B228,21846.49,2025-02-14 11:14:01,Singapore,RTGS,DEV-01-C098,Dining
T000246,C015,B155,47949.65,2025-02-14 11:18:59,Nigeria,NEFT,DEV-01-C015,Entertainment
T002064,C150,B093,12112.04,2025-02-14 14:27:23,UAE,IMPS,DEV-01-C150,Crypto Exchange
T000207,C012,B131,24297.54,2025-02-14 14:52:36,Singapore,Cash Deposit,DEV-01-C012,Entertainment
T001707,C124,B108,29972.9,2025-02-14 15:24:36,USA,UPI,DEV-01-C124,Travel
T001595,C116,B245,8160.98,2025-02-14 16:15:27,Nigeria,SWIFT,DEV-03-C116,Crypto Exchange
T001817,C133,B252,6266.94,2025-02-14 16:21:15,UK,RTGS,DEV-01-C133,Utilities
T001276,C092,B201,18697.45,2025-02-14 18:27:39,Nigeria,Cash Deposit,DEV-01-C092,Crypto Exchange
T000558,C038,B219,9186.25,2025-02-14 20:39:51,UAE,SWIFT,DEV-03-C038,Travel
T000902,C066,B246,33170.23,2025-02-14 22:30:53,UK,UPI,DEV-02-C066,Entertainment
T000550,C037,B201,15467.73,2025-02-14 23:00:55,Nigeria,RTGS,DEV-03-C037,Jewelry
T001149,C084,B073,17786.27,2025-02-15 00:13:02,Nigeria,SWIFT,DEV-01-C084,Jewelry
T000646,C045,B125,17025.16,2025-02-15 01:01:39,Singapore,RTGS,DEV-02-C045,Electronics
T000385,C023,B248,30787.52,2025-02-15 02:13:43,UAE,UPI,DEV-03-C023,Travel
T001587,C115,B049,11091.38,2025-02-15 02:43:41,Nigeria,Cash Deposit,DEV-03-C115,Dining
T000909,C067,B069,24691.81,2025-02-15 02:49:55,USA,RTGS,DEV-01-C067,Healthcare
T001252,C091,B144,6038.26,2025-02-15 03:22:48,USA,NEFT,DEV-03-C091,Crypto Exchange
T001113,C082,B028,27721.0,2025-02-15 03:26:14,Nigeria,NEFT,DEV-01-C082,Healthcare
T000125,C007,B112,27938.61,2025-02-15 03:36:27,Nigeria,UPI,DEV-02-C007,Travel
T001783,C130,B022,16483.85,2025-02-15 04:07:05,USA,RTGS,DEV-02-C130,Healthcare
T000486,C033,B195,7774.36,2025-02-15 06:26:32,USA,Cash Deposit,DEV-02-C033,Dining
T001758,C127,B118,6974.2,2025-02-15 07:06:33,USA,IMPS,DEV-01-C127,Entertainment
T000756,C054,B112,15061.44,2025-02-15 07:29:06,Singapore,Cash Deposit,DEV-03-C054,Crypto Exchange
T001202,C088,B171,19962.34,2025-02-15 07:53:58,India,NEFT,DEV-03-C088,Dining
T001285,C093,B151,9747.86,2025-02-15 08:05:07,Nigeria,NEFT,DEV-03-C093,Entertainment
T001784,C130,B231,5511.74,2025-02-15 09:28:21,UK,SWIFT,DEV-02-C130,Entertainment
T001583,C115,B149,8504.41,2025-02-15 11:01:47,UK,NEFT,DEV-02-C115,Dining
T000168,C009,B064,4199.78,2025-02-15 12:08:43,Nigeria,UPI,DEV-03-C009,Healthcare
T000292,C019,B035,25368.67,2025-02-15 12:39:55,UK,Cash Deposit,DEV-02-C019,Dining
T001436,C104,B031,12792.2,2025-02-15 13:02:27,India,UPI,DEV-01-C104,Utilities
T000121,C007,B042,6129.63,2025-02-15 15:53:39,India,Cash Deposit,DEV-03-C007,Groceries
T000173,C010,B090,8125.68,2025-02-15 16:20:46,USA,Cash Deposit,DEV-02-C010,Dining
T001351,C096,B021,2947.77,2025-02-15 16:42:00,Nigeria,RTGS,DEV-01-C096,Healthcare
T002008,C146,B116,5744.07,2025-02-15 16:48:26,UK,UPI,DEV-02-C146,Fuel
T001831,C134,B072,27573.56,2025-02-15 17:00:53,Singapore,IMPS,DEV-01-C134,Groceries
T001172,C086,B150,38511.77,2025-02-15 17:04:57,UAE,NEFT,DEV-03-C086,Dining
T001339,C096,B038,8446.71,2025-02-15 17:29:12,USA,SWIFT,DEV-01-C096,Healthcare
T001603,C116,B249,14846.09,2025-02-15 18:38:58,India,SWIFT,DEV-03-C116,Electronics
T000954,C070,B075,19376.37,2025-02-15 19:04:03,USA,SWIFT,DEV-01-C070,Utilities
T002032,C147,B147,24524.07,2025-02-15 19:58:30,Singapore,RTGS,DEV-01-C147,Healthcare
T000772,C056,B037,9259.14,2025-02-15 20:21:05,UAE,RTGS,DEV-01-C056,Healthcare
T001664,C120,B234,1741.83,2025-02-15 22:59:54,India,Cash Deposit,DEV-01-C120,Jewelry
T001945,C143,B183,19228.83,2025-02-16 00:12:37,UAE,NEFT,DEV-01-C143,Jewelry
T001376,C098,B068,55679.97,2025-02-16 00:16:42,Singapore,SWIFT,DEV-02-C098,Groceries
T000792,C058,B130,29710.87,2025-02-16 01:25:24,Nigeria,IMPS,DEV-01-C058,Groceries
T001271,C092,B200,21652.63,2025-02-16 01:52:25,Singapore,IMPS,DEV-03-C092,Healthcare
T000510,C035,B291,23729.18,2025-02-16 03:59:45,Singapore,NEFT,DEV-01-C035,Dining
T000936,C069,B091,31715.23,2025-02-16 04:51:20,USA,RTGS,DEV-01-C069,Jewelry
T000554,C037,B179,14700.63,2025-02-16 05:32:20,India,SWIFT,DEV-03-C037,Entertainment
T001270,C092,B155,4969.2,2025-02-16 05:46:50,Nigeria,RTGS,DEV-01-C092,Healthcare
T000604,C040,B110,19114.17,2025-02-16 07:02:24,India,IMPS,DEV-03-C040,Electronics
T001881,C138,B125,35383.9,2025-02-16 09:10:52,India,UPI,DEV-03-C138,Groceries
T001296,C093,B252,23104.6,2025-02-16 10:08:44,UK,SWIFT,DEV-03-C093,Utilities
T001933,C142,B294,11529.8,2025-02-16 10:28:46,Nigeria,IMPS,DEV-02-C142,Dining
T002028,C147,B219,4104.63,2025-02-16 12:36:21,India,RTGS,DEV-02-C147,Groceries
T000483,C032,B112,19093.45,2025-02-16 13:04:10,UAE,UPI,DEV-02-C032,Groceries
T001429,C104,B009,11054.01,2025-02-16 13:21:30,Singapore,UPI,DEV-03-C104,Fuel
T001992,C145,B070,26674.27,2025-02-16 13:40:45,UK,RTGS,DEV-03-C145,Jewelry
T000420,C026,B163,5566.37,2025-02-16 14:01:22,Singapore,RTGS,DEV-03-C026,Dining
T001599,C116,B108,1234.85,2025-02-16 17:05:03,Nigeria,IMPS,DEV-03-C116,Electronics
T001746,C127,B216,9824.75,2025-02-16 17:44:30,Nigeria,RTGS,DEV-02-C127,Travel
T001251,C091,B298,2824.41,2025-02-16 18:03:10,Nigeria,NEFT,DEV-01-C091,Jewelry
T001018,C074,B178,37877.4,2025-02-16 18:19:47,USA,IMPS,DEV-01-C074,Entertainment
T000759,C054,B056,3125.73,2025-02-16 18:31:54,India,UPI,DEV-02-C054,Fuel
T000970,C071,B015,17497.77,2025-02-16 19:04:18,India,UPI,DEV-01-C071,Healthcare
T001110,C081,B281,23426.03,2025-02-16 21:31:58,USA,Cash Deposit,DEV-01-C081,Groceries
T001175,C086,B045,13760.43,2025-02-16 23:00:59,Nigeria,Cash Deposit,DEV-03-C086,Dining
T001693,C122,B034,40476.9,2025-02-17 00:12:05,India,SWIFT,DEV-03-C122,Electronics
T000531,C036,B154,17620.92,2025-02-17 00:20:26,India,UPI,DEV-02-C036,Electronics
T000573,C038,B005,20164.3,2025-02-17 01:13:14,UAE,IMPS,DEV-02-C038,Jewelry
T001561,C114,B288,12518.11,2025-02-17 02:35:48,UK,SWIFT,DEV-01-C114,Travel
T001623,C117,B115,24475.1,2025-02-17 05:18:47,Singapore,UPI,DEV-02-C117,Groceries
T000920,C068,B177,27050.34,2025-02-17 06:28:10,UK,RTGS,DEV-01-C068,Jewelry
T001049,C077,B065,23115.39,2025-02-17 08:45:22,UAE,UPI,DEV-03-C077,Fuel
T000114,C007,B113,22150.5,2025-02-17 09:39:25,UAE,UPI,DEV-02-C007,Entertainment
T000716,C052,B242,7088.16,2025-02-17 11:40:41,Nigeria,UPI,DEV-01-C052,Jewelry
T001951,C143,B063,1952.19,2025-02-17 11:57:41,Nigeria,Cash Deposit,DEV-03-C143,Electronics
T001305,C093,B123,21931.43,2025-02-17 11:59:40,UK,NEFT,DEV-03-C093,Dining
T001461,C107,B129,33849.54,2025-02-17 12:14:53,UK,IMPS,DEV-03-C107,Travel
T001876,C137,B197,24358.87,2025-02-17 12:44:12,Singapore,Cash Deposit,DEV-03-C137,Utilities
T000778,C056,B082,21631.98,2025-02-17 12:47:50,India,IMPS,DEV-03-C056,Healthcare
T001578,C115,B103,16625.51,2025-02-17 12:54:15,UK,SWIFT,DEV-02-C115,Dining
T001466,C107,B255,39724.2,2025-02-17 14:21:58,USA,UPI,DEV-03-C107,Fuel
T000864,C063,B155,9076.07,2025-02-17 15:03:59,USA,RTGS,DEV-02-C063,Utilities
T000518,C035,B231,15405.98,2025-02-17 15:11:20,UAE,UPI,DEV-03-C035,Healthcare
T001875,C137,B192,8315.84,2025-02-17 17:10:12,UK,SWIFT,DEV-02-C137,Fuel
T000980,C072,B162,14069.99,2025-02-17 19:14:10,USA,UPI,DEV-02-C072,Travel
T001178,C087,B255,5474.71,2025-02-17 19:37:06,UAE,RTGS,DEV-01-C087,Dining
T001691,C122,B122,3591.73,2025-02-17 20:43:31,USA,RTGS,DEV-02-C122,Utilities
T000703,C051,B212,5359.1,2025-02-17 20:57:51,UK,UPI,DEV-03-C051,Healthcare
T001033,C075,B008,1811.77,2025-02-17 22:07:25,UAE,UPI,DEV-02-C075,Dining
T000435,C028,B269,8228.02,2025-02-17 22:53:57,UAE,RTGS,DEV-02-C028,Dining
T001230,C090,B168,10354.39,2025-02-17 23:47:28,Nigeria,Cash Deposit,DEV-01-C090,Utilities
T000100,C006,B197,23226.22,2025-02-17 23:58:56,UK,IMPS,DEV-01-C006,Groceries
T001474,C108,B135,5983.78,2025-02-18 00:42:49,USA,SWIFT,DEV-03-C108,Fuel
T000394,C024,B145,19053.1,2025-02-18 01:11:13,USA,Cash Deposit,DEV-03-C024,Entertainment
T002046,C149,B204,17071.94,2025-02-18 01:29:38,Nigeria,RTGS,DEV-03-C149,Utilities
T001998,C146,B217,27920.58,2025-02-18 02:37:01,UK,IMPS,DEV-02-C146,Utilities
T002015,C146,B282,8831.39,2025-02-18 02:45:22,Nigeria,Cash Deposit,DEV-01-C146,Fuel
T001757,C127,B022,5429.94,2025-02-18 03:36:08,UAE,NEFT,DEV-03-C127,Electronics
T000698,C051,B054,6636.26,2025-02-18 04:11:41,UAE,UPI,DEV-03-C051,Utilities
T000631,C045,B084,48622.52,2025-02-18 04:43:33,Singapore,RTGS,DEV-03-C045,Dining
T001486,C108,B173,5394.06,2025-02-18 05:28:04,USA,Cash Deposit,DEV-02-C108,Travel
T001314,C094,B059,16217.61,2025-02-18 06:25:41,USA,RTGS,DEV-01-C094,Utilities
T000206,C012,B124,11248.12,2025-02-18 07:38:55,USA,IMPS,DEV-01-C012,Entertainment
T001914,C140,B066,44095.14,2025-02-18 08:14:58,India,UPI,DEV-03-C140,Jewelry
T000382,C023,B016,8471.53,2025-02-18 08:30:46,Nigeria,RTGS,DEV-02-C023,Dining
T000391,C024,B082,22261.82,2025-02-18 09:02:34,USA,SWIFT,DEV-02-C024,Dining
T001776,C129,B192,18557.6,2025-02-18 09:47:37,USA,SWIFT,DEV-01-C129,Fuel
T000618,C043,B124,9382.52,2025-02-18 12:06:42,Nigeria,RTGS,DEV-01-C043,Jewelry
T002116,C800,C904,500000.0,2025-02-18 13:35:16,UAE,UPI,DEV-02-C800,Fuel
T002117,C904,C905,480000.0,2025-02-18 13:55:16,UAE,Cash Deposit,DEV-03-C904,Utilities
T002119,C904,C907,15000.0,2025-02-18 14:05:16,India,RTGS,DEV-01-C904,Groceries
T000169,C009,B140,11826.34,2025-02-18 14:11:04,USA,SWIFT,DEV-02-C009,Utilities
T002118,C905,C906,460000.0,2025-02-18 14:20:16,Singapore,SWIFT,DEV-03-C905,Jewelry
T002120,C904,C908,12000.0,2025-02-18 14:25:16,USA,SWIFT,DEV-02-C904,Crypto Exchange
T000515,C035,B041,14906.71,2025-02-18 14:55:54,Nigeria,UPI,DEV-01-C035,Utilities
T001121,C082,B121,25549.77,2025-02-18 16:00:02,Singapore,NEFT,DEV-03-C082,Dining
T002016,C146,B205,11535.26,2025-02-18 17:24:54,Nigeria,Cash Deposit,DEV-02-C146,Travel
T000910,C067,B187,12545.48,2025-02-18 18:08:04,India,Cash Deposit,DEV-01-C067,Crypto Exchange
T001987,C145,B240,27691.22,2025-02-18 18:16:44,Singapore,UPI,DEV-02-C145,Jewelry
T000884,C065,B184,2830.64,2025-02-18 19:41:42,India,UPI,DEV-03-C065,Dining
T000055,C003,B245,14361.29,2025-02-18 19:43:34,USA,IMPS,DEV-01-C003,Jewelry
T000318,C020,B196,11344.31,2025-02-18 19:51:27,USA,SWIFT,DEV-01-C020,Electronics
T000783,C057,B197,36836.58,2025-02-18 20:51:32,USA,UPI,DEV-01-C057,Utilities
T001368,C098,B137,15961.88,2025-02-18 21:23:37,Nigeria,SWIFT,DEV-02-C098,Groceries
T000840,C060,B165,2162.67,2025-02-18 22:39:42,UK,SWIFT,DEV-03-C060,Electronics
T001441,C104,B124,12687.96,2025-02-19 00:31:25,USA,NEFT,DEV-01-C104,Crypto Exchange
T000819,C060,B081,30646.96,2025-02-19 02:03:28,UK,SWIFT,DEV-01-C060,Utilities
T002136,C930,B701,7093.21,2025-02-19 02:55:52,UK,UPI,DEV-03-C930,Groceries
T001197,C087,B228,13550.21,2025-02-19 03:03:11,India,SWIFT,DEV-03-C087,Travel
T000966,C070,B209,22511.87,2025-02-19 03:37:12,India,RTGS,DEV-01-C070,Jewelry
T001183,C087,B154,22170.51,2025-02-19 04:40:20,USA,UPI,DEV-01-C087,Utilities
T001752,C127,B122,2190.38,2025-02-19 05:38:49,USA,NEFT,DEV-02-C127,Fuel
T001627,C117,B022,24581.97,2025-02-19 06:06:28,India,IMPS,DEV-03-C117,Utilities
T001613,C116,B119,8533.43,2025-02-19 06:52:38,UAE,RTGS,DEV-03-C116,Fuel
T000287,C018,B272,24668.92,2025-02-19 12:16:27,UAE,UPI,DEV-02-C018,Travel
T000635,C045,B234,7872.94,2025-02-19 14:12:28,Singapore,NEFT,DEV-02-C045,Crypto Exchange
T000578,C039,B282,24880.48,2025-02-19 14:15:51,India,RTGS,DEV-01-C039,Dining
T001460,C106,B249,14217.96,2025-02-19 15:40:55,Singapore,IMPS,DEV-02-C106,Utilities
T000795,C058,B054,6945.01,2025-02-19 16:04:44,Nigeria,RTGS,DEV-01-C058,Dining
T000354,C022,B187,4760.06,2025-02-19 19:34:37,Nigeria,Cash Deposit,DEV-01-C022,Groceries
T000244,C015,B186,36626.33,2025-02-19 19:55:52,USA,NEFT,DEV-02-C015,Jewelry
T001586,C115,B024,7208.2,2025-02-19 20:20:33,India,RTGS,DEV-02-C115,Healthcare
T001908,C140,B244,8983.61,2025-02-19 23:50:11,UK,Cash Deposit,DEV-01-C140,Groceries
T000096,C006,B146,7232.67,2025-02-20 01:05:24,Nigeria,Cash Deposit,DEV-03-C006,Fuel
T000557,C037,B125,1790.86,2025-02-20 02:21:10,UAE,RTGS,DEV-01-C037,Fuel
T000972,C071,B181,13133.77,2025-02-20 03:32:31,USA,NEFT,DEV-03-C071,Dining
T000761,C055,B077,11144.08,2025-02-20 05:22:53,UAE,NEFT,DEV-03-C055,Healthcare
T000616,C042,B106,3987.46,2025-02-20 06:26:34,USA,RTGS,DEV-01-C042,Healthcare
T000374,C023,B064,42996.35,2025-02-20 07:15:55,UAE,UPI,DEV-01-C023,Travel
T000180,C010,B097,14582.16,2025-02-20 08:03:04,Singapore,RTGS,DEV-02-C010,Entertainment
T001660,C120,B287,5720.39,2025-02-20 09:13:46,UK,UPI,DEV-03-C120,Entertainment
T000403,C025,B243,8630.53,2025-02-20 10:07:58,UK,IMPS,DEV-03-C025,Jewelry
T001277,C092,B100,8065.36,2025-02-20 11:34:36,Singapore,Cash Deposit,DEV-03-C092,Travel
T001510,C110,B062,17502.25,2025-02-20 16:14:57,Nigeria,RTGS,DEV-03-C110,Dining
T001498,C109,B031,17087.2,2025-02-20 16:58:34,UAE,UPI,DEV-02-C109,Travel
T000944,C069,B296,17952.8,2025-02-20 17:36:28,India,RTGS,DEV-01-C069,Healthcare
T001454,C106,B225,21257.65,2025-02-20 17:53:29,Nigeria,Cash Deposit,DEV-01-C106,Utilities
T000059,C003,B290,16631.44,2025-02-20 18:10:19,Singapore,UPI,DEV-01-C003,Fuel
T000816,C059,B266,3923.88,2025-02-20 18:55:07,Nigeria,Cash Deposit,DEV-03-C059,Utilities
T001017,C074,B223,14907.59,2025-02-20 19:44:59,Nigeria,Cash Deposit,DEV-03-C074,Dining
T001155,C085,B044,14270.11,2025-02-20 20:34:58,Nigeria,SWIFT,DEV-03-C085,Jewelry
T000300,C019,B225,5984.95,2025-02-20 21:10:05,USA,RTGS,DEV-01-C019,Fuel
T000410,C026,B088,17895.01,2025-02-20 21:32:59,Nigeria,Cash Deposit,DEV-03-C026,Healthcare
T001143,C084,B275,23799.26,2025-02-20 23:52:33,Nigeria,Cash Deposit,DEV-01-C084,Jewelry
T000865,C063,B163,2714.08,2025-02-21 00:15:33,UAE,IMPS,DEV-03-C063,Utilities
T001777,C129,B192,39028.33,2025-02-21 00:26:49,Nigeria,SWIFT,DEV-03-C129,Entertainment
T000370,C023,B246,3931.9,2025-02-21 00:57:34,UK,SWIFT,DEV-03-C023,Utilities
T000982,C072,B028,5865.93,2025-02-21 01:03:08,UK,SWIFT,DEV-03-C072,Groceries
T001064,C078,B251,10174.28,2025-02-21 01:15:09,USA,Cash Deposit,DEV-03-C078,Dining
T000243,C014,B216,31361.05,2025-02-21 01:52:05,India,Cash Deposit,DEV-01-C014,Entertainment
T000274,C016,B250,8570.56,2025-02-21 03:50:43,Nigeria,UPI,DEV-01-C016,Electronics
T001173,C086,B169,10219.21,2025-02-21 04:07:18,UK,RTGS,DEV-01-C086,Electronics
T001582,C115,B254,7989.04,2025-02-21 04:38:54,Nigeria,Cash Deposit,DEV-03-C115,Utilities
T001442,C104,B008,12895.93,2025-02-21 08:17:00,UAE,Cash Deposit,DEV-01-C104,Dining
T000025,C002,B240,22506.83,2025-02-21 08:55:32,Singapore,RTGS,DEV-01-C002,Utilities
T001328,C095,B061,16206.2,2025-02-21 11:27:11,India,RTGS,DEV-02-C095,Jewelry
T001728,C126,B216,38779.12,2025-02-21 16:36:21,UK,UPI,DEV-01-C126,Healthcare
T001887,C139,B257,11165.08,2025-02-21 18:26:56,Nigeria,SWIFT,DEV-03-C139,Dining
T000886,C066,B081,23333.75,2025-02-21 19:04:11,UAE,IMPS,DEV-03-C066,Healthcare
T001515,C110,B252,45609.13,2025-02-21 19:04:30,Singapore,Cash Deposit,DEV-01-C110,Fuel
T000780,C056,B020,50328.82,2025-02-21 19:48:13,UAE,Cash Deposit,DEV-02-C056,Groceries
T000316,C020,B120,34451.0,2025-02-21 20:20:10,UAE,UPI,DEV-02-C020,Electronics
T000015,C001,B088,8464.22,2025-02-21 20:38:10,Nigeria,IMPS,DEV-01-C001,Entertainment
T001804,C132,B033,7247.32,2025-02-21 21:27:11,UK,IMPS,DEV-02-C132,Utilities
T001520,C110,B063,6154.54,2025-02-21 22:25:56,UAE,SWIFT,DEV-02-C110,Groceries
T001255,C091,B176,25296.95,2025-02-21 22:43:04,India,SWIFT,DEV-02-C091,Jewelry
T001021,C074,B241,7199.74,2025-02-21 22:52:14,India,Cash Deposit,DEV-02-C074,Entertainment
T001971,C144,B074,25882.88,2025-02-22 00:44:51,UAE,NEFT,DEV-03-C144,Dining
T001811,C133,B067,24665.31,2025-02-22 02:01:34,UK,SWIFT,DEV-03-C133,Utilities
T000395,C024,B147,11002.09,2025-02-22 02:34:48,India,NEFT,DEV-02-C024,Travel
T001698,C122,B126,8579.55,2025-02-22 04:32:55,UK,RTGS,DEV-02-C122,Groceries
T000577,C038,B116,7705.73,2025-02-22 04:43:07,Singapore,IMPS,DEV-02-C038,Crypto Exchange
T000624,C044,B275,15954.72,2025-02-22 04:49:40,USA,IMPS,DEV-02-C044,Utilities
T000035,C002,B109,27067.53,2025-02-22 08:39:03,Nigeria,Cash Deposit,DEV-01-C002,Dining
T001366,C098,B123,7223.0,2025-02-22 09:26:16,India,Cash Deposit,DEV-02-C098,Crypto Exchange
T001646,C119,B267,17315.4,2025-02-22 12:07:57,Singapore,IMPS,DEV-01-C119,Jewelry
T000458,C030,B033,8682.25,2025-02-22 13:00:08,India,NEFT,DEV-02-C030,Groceries
T001127,C083,B298,4192.89,2025-02-22 13:26:45,Nigeria,IMPS,DEV-01-C083,Dining
T000846,C061,B258,46636.84,2025-02-22 16:05:48,Nigeria,Cash Deposit,DEV-02-C061,Utilities
T001207,C089,B106,26350.93,2025-02-22 16:11:00,Singapore,RTGS,DEV-02-C089,Dining
T001036,C075,B037,26061.22,2025-02-22 17:43:44,UK,IMPS,DEV-01-C075,Dining
T001422,C103,B086,17775.62,2025-02-22 18:56:29,Singapore,UPI,DEV-03-C103,Dining
T001078,C079,B289,45509.8,2025-02-22 23:24:04,UAE,SWIFT,DEV-03-C079,Dining
T000417,C026,B176,8499.54,2025-02-23 00:54:31,Singapore,Cash Deposit,DEV-03-C026,Dining
T001278,C092,B161,34078.98,2025-02-23 04:01:47,India,Cash Deposit,DEV-01-C092,Utilities
T001023,C074,B004,14142.91,2025-02-23 05:25:37,Singapore,IMPS,DEV-02-C074,Jewelry
T001010,C073,B243,27819.65,2025-02-23 05:56:35,India,NEFT,DEV-02-C073,Jewelry
T000963,C070,B047,12420.0,2025-02-23 08:38:37,Singapore,Cash Deposit,DEV-03-C070,Crypto Exchange
T000365,C022,B034,11767.11,2025-02-23 09:35:10,USA,UPI,DEV-02-C022,Travel
T001980,C145,B145,5074.72,2025-02-23 13:11:11,Singapore,RTGS,DEV-01-C145,Groceries
T000888,C066,B006,18754.04,2025-02-23 17:48:17,USA,IMPS,DEV-01-C066,Groceries
T000721,C053,B117,15416.79,2025-02-23 17:59:09,India,SWIFT,DEV-03-C053,Healthcare
T001082,C079,B142,18770.43,2025-02-23 18:07:43,USA,RTGS,DEV-03-C079,Crypto Exchange
T000368,C023,B185,2504.73,2025-02-23 18:57:48,USA,UPI,DEV-02-C023,Jewelry
T000336,C021,B260,28977.84,2025-02-23 19:16:03,India,SWIFT,DEV-02-C021,Groceries
T001991,C145,B147,5595.23,2025-02-23 19:17:09,UK,NEFT,DEV-02-C145,Jewelry
T000296,C019,B298,8908.57,2025-02-23 19:39:02,Nigeria,NEFT,DEV-02-C019,Crypto Exchange
T000320,C020,B191,8017.63,2025-02-23 20:10:24,India,Cash Deposit,DEV-03-C020,Utilities
T000974,C071,B039,5143.11,2025-02-23 20:11:55,UAE,SWIFT,DEV-02-C071,Fuel
T001959,C143,B003,33200.96,2025-02-23 20:35:43,UK,UPI,DEV-01-C143,Groceries
T000571,C038,B089,10635.76,2025-02-23 21:02:24,UAE,SWIFT,DEV-02-C038,Travel
T001557,C114,B078,9953.31,2025-02-23 22:48:57,Nigeria,Cash Deposit,DEV-02-C114,Groceries
T001709,C124,B212,11504.56,2025-02-23 23:05:09,Nigeria,Cash Deposit,DEV-02-C124,Healthcare
T000139,C008,B142,21655.83,2025-02-23 23:05:13,India,RTGS,DEV-01-C008,Utilities
T000474,C032,B219,10629.68,2025-02-23 23:13:33,UK,NEFT,DEV-02-C032,Healthcare
T001956,C143,B202,6579.81,2025-02-23 23:42:50,USA,RTGS,DEV-02-C143,Utilities
T000998,C072,B287,3818.86,2025-02-24 03:02:57,Singapore,UPI,DEV-01-C072,Healthcare
T000880,C064,B129,697.87,2025-02-24 04:25:49,India,RTGS,DEV-01-C064,Dining
T001072,C078,B092,7894.19,2025-02-24 05:13:15,Nigeria,RTGS,DEV-02-C078,Utilities
T001052,C078,B225,2409.15,2025-02-24 06:37:19,Singapore,RTGS,DEV-03-C078,Entertainment
T001739,C127,B029,12335.85,2025-02-24 07:09:56,India,UPI,DEV-02-C127,Healthcare
T001365,C098,B035,12651.48,2025-02-24 10:39:40,Nigeria,IMPS,DEV-01-C098,Fuel
T001100,C080,B101,13141.04,2025-02-24 11:36:55,USA,Cash Deposit,DEV-03-C080,Electronics
T000869,C063,B244,41290.29,2025-02-24 12:00:16,Nigeria,NEFT,DEV-01-C063,Fuel
T000258,C015,B288,1350.9,2025-02-24 12:49:01,Singapore,Cash Deposit,DEV-01-C015,Healthcare
T000847,C061,B181,26952.83,2025-02-24 14:12:28,UK,RTGS,DEV-03-C061,Healthcare
T001386,C099,B106,1710.47,2025-02-24 14:41:24,Nigeria,NEFT,DEV-03-C099,Fuel
T000685,C049,B073,7591.9,2025-02-24 16:08:19,UAE,SWIFT,DEV-03-C049,Dining
T000511,C035,B279,19288.6,2025-02-24 17:04:23,Nigeria,NEFT,DEV-01-C035,Fuel
T001189,C087,B154,15108.39,2025-02-24 20:24:42,Nigeria,Cash Deposit,DEV-02-C087,Jewelry
T001157,C086,B172,20757.71,2025-02-24 21:41:27,Nigeria,IMPS,DEV-01-C086,Travel
T000899,C066,B079,20804.68,2025-02-24 21:49:54,USA,UPI,DEV-02-C066,Healthcare
T001653,C119,B298,15505.26,2025-02-24 21:56:13,Nigeria,Cash Deposit,DEV-03-C119,Jewelry
T000597,C040,B067,27334.98,2025-02-24 23:12:24,UK,UPI,DEV-03-C040,Groceries
T000912,C067,B092,6978.52,2025-02-24 23:42:28,USA,Cash Deposit,DEV-01-C067,Entertainment
T000732,C053,B076,12337.86,2025-02-25 00:15:34,USA,RTGS,DEV-01-C053,Utilities
T001053,C078,B098,6622.03,2025-02-25 00:30:38,UAE,RTGS,DEV-02-C078,Fuel
T001298,C093,B063,21501.28,2025-02-25 01:46:26,USA,UPI,DEV-02-C093,Dining
T000357,C022,B197,6722.25,2025-02-25 01:46:32,India,RTGS,DEV-01-C022,Entertainment
T000438,C028,B152,7309.71,2025-02-25 03:01:34,Nigeria,IMPS,DEV-01-C028,Crypto Exchange
T001250,C091,B020,45934.73,2025-02-25 03:53:04,UK,Cash Deposit,DEV-02-C091,Utilities
T000159,C009,B157,38297.22,2025-02-25 05:00:09,USA,NEFT,DEV-03-C009,Utilities
T001719,C125,B143,38654.55,2025-02-25 06:06:15,USA,SWIFT,DEV-01-C125,Jewelry
T001805,C132,B169,11022.23,2025-02-25 07:03:58,UK,Cash Deposit,DEV-02-C132,Utilities
T001666,C120,B190,9501.58,2025-02-25 12:18:30,Singapore,NEFT,DEV-03-C120,Travel
T002049,C149,B082,11935.46,2025-02-25 12:37:07,UAE,RTGS,DEV-03-C149,Groceries
T000528,C036,B125,14754.33,2025-02-25 12:45:51,USA,IMPS,DEV-03-C036,Healthcare
T000889,C066,B003,12968.61,2025-02-25 14:31:51,USA,SWIFT,DEV-03-C066,Jewelry
T000281,C017,B220,5699.14,2025-02-25 16:07:05,UK,Cash Deposit,DEV-03-C017,Healthcare
T000421,C027,B063,27037.01,2025-02-25 16:17:52,Nigeria,RTGS,DEV-02-C027,Healthcare
T000926,C068,B066,33883.41,2025-02-25 16:19:13,USA,IMPS,DEV-01-C068,Jewelry
T001256,C091,B241,3260.02,2025-02-25 17:26:09,Nigeria,UPI,DEV-02-C091,Fuel
T001960,C143,B066,16835.87,2025-02-25 20:02:09,UAE,Cash Deposit,DEV-01-C143,Utilities
T000682,C049,B113,14636.72,2025-02-25 21:27:35,UK,UPI,DEV-01-C049,Travel
T000537,C037,B252,3999.89,2025-02-25 21:53:45,UAE,UPI,DEV-02-C037,Dining
T001921,C140,B115,26196.4,2025-02-25 22:06:44,USA,NEFT,DEV-03-C140,Fuel
T001609,C116,B217,8271.55,2025-02-25 23:07:01,Singapore,RTGS,DEV-01-C116,Dining
T001496,C109,B096,5348.27,2025-02-26 00:08:32,UK,IMPS,DEV-03-C109,Entertainment
T000011,C001,B186,5369.94,2025-02-26 01:19:40,UAE,Cash Deposit,DEV-01-C001,Groceries
T001203,C088,B012,19169.26,2025-02-26 01:48:43,Singapore,Cash Deposit,DEV-01-C088,Fuel
T000950,C070,B158,24508.29,2025-02-26 02:01:29,Singapore,Cash Deposit,DEV-02-C070,Travel
T001268,C092,B108,13689.18,2025-02-26 02:16:20,Nigeria,UPI,DEV-01-C092,Dining
T001248,C091,B004,9555.81,2025-02-26 02:41:39,UK,Cash Deposit,DEV-01-C091,Jewelry
T000457,C030,B112,25561.14,2025-02-26 03:33:46,India,NEFT,DEV-02-C030,Fuel
T000917,C068,B135,14046.49,2025-02-26 04:18:32,USA,RTGS,DEV-01-C068,Healthcare
T000906,C067,B298,38136.07,2025-02-26 04:56:11,UK,RTGS,DEV-01-C067,Groceries
T001415,C101,B186,57380.12,2025-02-26 09:58:52,UK,RTGS,DEV-02-C101,Dining
T001320,C094,B125,36274.49,2025-02-26 12:07:30,India,IMPS,DEV-01-C094,Crypto Exchange
T000543,C037,B246,17309.88,2025-02-26 12:43:36,UK,RTGS,DEV-03-C037,Healthcare
T000305,C019,B042,7593.87,2025-02-26 13:52:53,Nigeria,IMPS,DEV-02-C019,Dining
T001111,C081,B193,22739.33,2025-02-26 14:29:59,Nigeria,RTGS,DEV-01-C081,Dining
T001564,C114,B109,7787.56,2025-02-26 15:45:50,India,RTGS,DEV-03-C114,Travel
T002037,C148,B108,15265.35,2025-02-26 17:34:51,UK,NEFT,DEV-01-C148,Travel
T000757,C054,B204,13364.82,2025-02-26 17:57:13,India,NEFT,DEV-03-C054,Fuel
T000174,C010,B093,24173.6,2025-02-26 19:55:00,UK,Cash Deposit,DEV-02-C010,Utilities
T001899,C139,B016,32629.91,2025-02-26 20:39:18,UAE,SWIFT,DEV-02-C139,Utilities
T000691,C050,B203,50025.0,2025-02-26 21:31:04,India,UPI,DEV-02-C050,Fuel
T000962,C070,B208,8533.48,2025-02-26 21:39:56,UAE,RTGS,DEV-01-C070,Utilities
T000667,C048,B299,22807.76,2025-02-26 21:45:20,Singapore,NEFT,DEV-01-C048,Utilities
T001751,C127,B266,4611.56,2025-02-26 22:30:14,Nigeria,Cash Deposit,DEV-01-C127,Groceries
T001952,C143,B012,5156.11,2025-02-26 23:27:38,USA,RTGS,DEV-02-C143,Dining
T000565,C038,B201,4591.22,2025-02-26 23:49:12,India,UPI,DEV-02-C038,Entertainment
T001591,C115,B161,10400.26,2025-02-27 00:17:40,Nigeria,SWIFT,DEV-03-C115,Entertainment
T000231,C014,B215,29600.64,2025-02-27 00:36:07,Nigeria,Cash Deposit,DEV-01-C014,Healthcare
T001852,C135,B258,10606.61,2025-02-27 00:54:03,Nigeria,NEFT,DEV-01-C135,Groceries
T000209,C012,B177,13143.04,2025-02-27 01:08:28,Singapore,Cash Deposit,DEV-02-C012,Dining
T001438,C104,B106,3822.35,2025-02-27 01:12:51,UAE,IMPS,DEV-03-C104,Fuel
T000038,C002,B011,10387.98,2025-02-27 02:51:31,USA,IMPS,DEV-03-C002,Electronics
T001683,C122,B206,13951.84,2025-02-27 04:13:12,India,SWIFT,DEV-01-C122,Fuel
T001927,C141,B032,36203.44,2025-02-27 06:56:20,USA,IMPS,DEV-02-C141,Healthcare
T001152,C085,B233,11994.03,2025-02-27 07:32:05,Nigeria,IMPS,DEV-02-C085,Utilities
T000003,C001,B045,11058.27,2025-02-27 07:56:50,UK,NEFT,DEV-01-C001,Utilities
T001016,C074,B091,8940.69,2025-02-27 08:44:09,USA,SWIFT,DEV-03-C074,Crypto Exchange
T001968,C144,B111,14645.3,2025-02-27 10:57:16,Singapore,UPI,DEV-01-C144,Crypto Exchange
T000654,C046,B039,13494.88,2025-02-27 11:13:01,USA,NEFT,DEV-02-C046,Travel
T000683,C049,B122,19768.42,2025-02-27 12:40:13,Singapore,Cash Deposit,DEV-03-C049,Fuel
T001863,C136,B089,3662.09,2025-02-27 12:55:46,USA,IMPS,DEV-01-C136,Jewelry
T001379,C098,B249,3736.08,2025-02-27 14:37:21,Nigeria,Cash Deposit,DEV-03-C098,Jewelry
T001946,C143,B174,602.79,2025-02-27 14:42:16,UK,IMPS,DEV-03-C143,Healthcare
T000405,C025,B154,2852.44,2025-02-27 15:28:43,Singapore,RTGS,DEV-03-C025,Jewelry
T000532,C036,B254,36918.24,2025-02-27 15:40:09,USA,IMPS,DEV-02-C036,Utilities
T001982,C145,B283,4271.52,2025-02-27 17:33:28,UK,SWIFT,DEV-03-C145,Travel
T000167,C009,B158,37337.15,2025-02-27 18:33:11,Nigeria,RTGS,DEV-02-C009,Entertainment
T001744,C127,B007,6051.32,2025-02-27 18:51:30,Nigeria,NEFT,DEV-03-C127,Electronics
T001088,C079,B049,13033.39,2025-02-27 18:59:21,Nigeria,UPI,DEV-01-C079,Crypto Exchange
T001266,C092,B075,8907.76,2025-02-27 19:43:05,UAE,SWIFT,DEV-02-C092,Healthcare
T001080,C079,B146,12268.76,2025-02-27 20:13:40,India,RTGS,DEV-01-C079,Dining
T000024,C002,B217,15471.6,2025-02-27 21:44:01,India,SWIFT,DEV-02-C002,Crypto Exchange
T000408,C026,B014,39649.38,2025-02-27 22:54:00,UK,UPI,DEV-03-C026,Crypto Exchange
T000468,C031,B229,27642.51,2025-02-28 00:56:23,Nigeria,Cash Deposit,DEV-01-C031,Electronics
T000471,C032,B296,9241.17,2025-02-28 01:14:56,Nigeria,UPI,DEV-01-C032,Dining
T001229,C090,B036,18831.63,2025-02-28 02:02:41,India,Cash Deposit,DEV-03-C090,Healthcare
T000275,C016,B203,8226.67,2025-02-28 04:31:42,India,NEFT,DEV-01-C016,Dining
T001282,C093,B112,33679.53,2025-02-28 04:40:05,Nigeria,NEFT,DEV-03-C093,Utilities
T001579,C115,B289,3002.73,2025-02-28 06:53:43,UK,NEFT,DEV-02-C115,Fuel
T000260,C015,B148,17489.24,2025-02-28 07:03:24,Singapore,UPI,DEV-01-C015,Crypto Exchange
T001931,C142,B076,19344.48,2025-02-28 09:30:57,Singapore,IMPS,DEV-03-C142,Groceries
T001526,C111,B216,19968.4,2025-02-28 11:01:54,Nigeria,RTGS,DEV-03-C111,Fuel
T000349,C021,B221,18075.3,2025-02-28 11:49:04,UAE,RTGS,DEV-02-C021,Fuel
T000842,C061,B212,31086.17,2025-02-28 11:59:01,Nigeria,Cash Deposit,DEV-03-C061,Dining
T000351,C021,B229,2108.12,2025-02-28 12:12:36,Nigeria,SWIFT,DEV-01-C021,Entertainment
T001750,C127,B159,18617.9,2025-02-28 13:51:34,Singapore,UPI,DEV-02-C127,Groceries
T001974,C144,B014,27791.18,2025-02-28 14:30:24,UAE,NEFT,DEV-02-C144,Utilities
T001220,C090,B179,2701.88,2025-02-28 16:26:52,USA,IMPS,DEV-03-C090,Utilities
T002036,C148,B271,12487.25,2025-02-28 17:05:07,Singapore,IMPS,DEV-03-C148,Dining
T001816,C133,B205,14768.99,2025-02-28 17:23:57,UAE,RTGS,DEV-02-C133,Crypto Exchange
T001618,C117,B081,31694.57,2025-02-28 19:29:50,UK,NEFT,DEV-02-C117,Entertainment
T000157,C009,B214,23040.56,2025-02-28 20:49:21,USA,RTGS,DEV-01-C009,Jewelry
T000272,C016,B249,12206.54,2025-02-28 22:35:22,UK,SWIFT,DEV-02-C016,Electronics
T002048,C149,B206,34666.3,2025-02-28 22:55:16,Singapore,IMPS,DEV-01-C149,Groceries
T001162,C086,B003,4282.09,2025-03-01 00:42:18,UK,IMPS,DEV-01-C086,Crypto Exchange
T001860,C135,B114,4616.8,2025-03-01 00:53:23,UK,RTGS,DEV-02-C135,Travel
T001708,C124,B002,14836.13,2025-03-01 02:34:33,UK,NEFT,DEV-01-C124,Travel
T001176,C086,B219,5430.11,2025-03-01 02:42:38,Singapore,UPI,DEV-03-C086,Crypto Exchange
T000029,C002,B260,9119.28,2025-03-01 03:00:12,UAE,IMPS,DEV-02-C002,Travel
T001274,C092,B222,7488.33,2025-03-01 06:32:04,Nigeria,UPI,DEV-02-C092,Dining
T001738,C126,B155,10755.77,2025-03-01 07:07:27,Nigeria,SWIFT,DEV-01-C126,Utilities
T002023,C147,B258,13407.61,2025-03-01 07:58:02,UAE,IMPS,DEV-03-C147,Travel
T001313,C094,B234,30175.61,2025-03-01 08:15:34,UAE,RTGS,DEV-01-C094,Utilities
T000369,C023,B067,3955.36,2025-03-01 09:56:34,India,NEFT,DEV-02-C023,Healthcare
T001134,C083,B291,19264.78,2025-03-01 10:54:24,UAE,RTGS,DEV-01-C083,Electronics
T001819,C133,B201,2834.51,2025-03-01 12:27:27,UAE,SWIFT,DEV-01-C133,Travel
T001060,C078,B079,9865.34,2025-03-01 12:29:05,Singapore,UPI,DEV-02-C078,Fuel
T001427,C104,B287,9547.01,2025-03-01 13:23:30,Nigeria,RTGS,DEV-03-C104,Jewelry
T000295,C019,B047,7679.2,2025-03-01 17:04:24,USA,RTGS,DEV-02-C019,Entertainment
T000245,C015,B114,14564.05,2025-03-01 17:18:10,India,Cash Deposit,DEV-03-C015,Jewelry
T001233,C090,B200,20601.95,2025-03-01 18:23:13,USA,SWIFT,DEV-01-C090,Electronics
T000134,C008,B139,54372.26,2025-03-01 19:10:47,USA,SWIFT,DEV-02-C008,Healthcare
T000611,C041,B211,3933.72,2025-03-01 19:33:40,Nigeria,SWIFT,DEV-01-C041,Utilities
T000584,C039,B085,7673.66,2025-03-01 19:44:10,UAE,IMPS,DEV-01-C039,Groceries
T001740,C127,B050,8026.2,2025-03-01 22:25:04,UK,IMPS,DEV-03-C127,Crypto Exchange
T001544,C112,B121,2882.14,2025-03-01 23:17:57,UK,IMPS,DEV-02-C112,Crypto Exchange
T001537,C111,B206,16122.65,2025-03-02 00:03:13,UK,RTGS,DEV-02-C111,Travel
T001679,C121,B099,15398.3,2025-03-02 01:41:05,USA,RTGS,DEV-01-C121,Crypto Exchange
T000058,C003,B021,10227.48,2025-03-02 03:15:48,India,SWIFT,DEV-03-C003,Crypto Exchange
T000897,C066,B146,18369.42,2025-03-02 03:34:35,India,IMPS,DEV-02-C066,Entertainment
T000503,C034,B099,15780.73,2025-03-02 04:11:38,USA,UPI,DEV-02-C034,Dining
T000794,C058,B139,26492.9,2025-03-02 11:13:26,USA,Cash Deposit,DEV-01-C058,Healthcare
T000932,C068,B094,15149.97,2025-03-02 12:11:18,Nigeria,RTGS,DEV-02-C068,Travel
T001643,C119,B279,4860.53,2025-03-02 14:51:48,USA,Cash Deposit,DEV-02-C119,Fuel
T001842,C135,B098,4935.38,2025-03-02 15:35:39,UAE,RTGS,DEV-02-C135,Healthcare
T000377,C023,B065,61481.17,2025-03-02 16:24:27,Singapore,RTGS,DEV-03-C023,Utilities
T001239,C091,B202,11547.87,2025-03-02 16:51:17,Singapore,Cash Deposit,DEV-02-C091,Healthcare
T000160,C009,B107,3345.71,2025-03-02 17:33:20,UAE,UPI,DEV-03-C009,Utilities
T001013,C073,B227,3013.94,2025-03-02 19:48:20,UAE,IMPS,DEV-03-C073,Travel
T001192,C087,B193,16014.91,2025-03-02 19:52:33,USA,IMPS,DEV-03-C087,Crypto Exchange
T000107,C006,B249,13468.07,2025-03-02 20:25:46,UAE,UPI,DEV-02-C006,Utilities
T001375,C098,B267,27768.6,2025-03-02 21:39:34,India,UPI,DEV-02-C098,Jewelry
T001529,C111,B103,40923.27,2025-03-03 00:02:11,Singapore,UPI,DEV-03-C111,Utilities
T001569,C114,B233,24105.42,2025-03-03 00:10:38,Singapore,RTGS,DEV-03-C114,Groceries
T000155,C009,B296,7278.67,2025-03-03 02:42:53,Nigeria,NEFT,DEV-01-C009,Travel
T001861,C135,B227,2396.28,2025-03-03 03:29:58,India,NEFT,DEV-02-C135,Utilities
T002062,C150,B298,6478.47,2025-03-03 03:32:30,UK,IMPS,DEV-02-C150,Electronics
T000776,C056,B171,7548.19,2025-03-03 06:24:46,UAE,UPI,DEV-03-C056,Groceries
T001639,C119,B030,23081.83,2025-03-03 07:45:08,Nigeria,Cash Deposit,DEV-03-C119,Dining
T000341,C021,B246,14086.21,2025-03-03 08:03:04,UAE,IMPS,DEV-01-C021,Entertainment
T000332,C021,B009,39223.36,2025-03-03 08:33:42,USA,RTGS,DEV-01-C021,Travel
T001920,C140,B274,5105.32,2025-03-03 12:16:27,Nigeria,SWIFT,DEV-01-C140,Fuel
T001091,C079,B006,8079.03,2025-03-03 13:03:50,Nigeria,SWIFT,DEV-01-C079,Dining
T002171,C980,B970,11398.98,2025-03-03 13:34:37,USA,NEFT,DEV-01-C980,Jewelry
T001862,C136,B027,2062.63,2025-03-03 14:10:55,UAE,IMPS,DEV-01-C136,Utilities
T002172,C980,B971,17671.28,2025-03-03 14:34:37,India,NEFT,DEV-03-C980,Crypto Exchange
T000594,C039,B235,8939.7,2025-03-03 15:17:08,Nigeria,Cash Deposit,DEV-02-C039,Utilities
T002173,C980,B972,8197.12,2025-03-03 15:34:37,UK,NEFT,DEV-02-C980,Electronics
T002174,C980,B973,16999.32,2025-03-03 16:34:37,USA,RTGS,DEV-01-C980,Travel
T002175,C980,B974,15602.3,2025-03-03 17:34:37,USA,RTGS,DEV-01-C980,Fuel
T002176,C980,B975,16012.52,2025-03-03 18:34:37,UK,IMPS,DEV-01-C980,Healthcare
T000215,C013,B113,15784.25,2025-03-03 19:25:37,UAE,RTGS,DEV-02-C013,Travel
T000507,C035,B029,42945.68,2025-03-03 19:43:50,India,Cash Deposit,DEV-01-C035,Utilities
T001029,C074,B057,16524.01,2025-03-03 20:04:03,UK,RTGS,DEV-02-C074,Dining
T001497,C109,B138,10968.01,2025-03-03 22:28:34,USA,RTGS,DEV-02-C109,Crypto Exchange
T000765,C055,B274,483.51,2025-03-03 23:22:42,UK,Cash Deposit,DEV-02-C055,Jewelry
T001042,C076,B247,11993.75,2025-03-03 23:51:34,Singapore,IMPS,DEV-02-C076,Groceries
T000564,C038,B271,13296.16,2025-03-04 01:13:51,Singapore,RTGS,DEV-02-C038,Crypto Exchange
T000353,C022,B141,16438.89,2025-03-04 02:04:17,India,NEFT,DEV-03-C022,Healthcare
T001324,C095,B074,8434.47,2025-03-04 02:54:07,Singapore,RTGS,DEV-02-C095,Healthcare
T000559,C038,B096,698.39,2025-03-04 04:25:26,Nigeria,SWIFT,DEV-02-C038,Groceries
T001003,C073,B086,14203.02,2025-03-04 04:39:39,Singapore,SWIFT,DEV-03-C073,Crypto Exchange
T000378,C023,B258,13954.34,2025-03-04 05:36:32,UAE,RTGS,DEV-03-C023,Travel
T002140,C930,B705,5795.27,2025-03-04 09:05:50,USA,SWIFT,DEV-01-C930,Utilities
T000118,C007,B043,3009.6,2025-03-04 09:42:54,UK,IMPS,DEV-02-C007,Travel
T002002,C146,B157,22450.81,2025-03-04 10:14:13,USA,NEFT,DEV-02-C146,Crypto Exchange
T000307,C020,B193,2598.4,2025-03-04 11:26:52,Singapore,IMPS,DEV-03-C020,Jewelry
T001506,C109,B091,10023.29,2025-03-04 13:18:48,India,Cash Deposit,DEV-02-C109,Groceries
T000802,C058,B132,19296.02,2025-03-04 13:24:48,UAE,SWIFT,DEV-02-C058,Dining
T001048,C077,B183,10398.29,2025-03-04 13:58:06,UAE,Cash Deposit,DEV-03-C077,Utilities
T001678,C121,B288,9709.78,2025-03-04 15:19:51,India,Cash Deposit,DEV-03-C121,Utilities
T001518,C110,B011,8922.94,2025-03-04 15:53:07,USA,NEFT,DEV-03-C110,Groceries
T001290,C093,B092,41796.14,2025-03-04 16:05:05,UK,NEFT,DEV-01-C093,Jewelry
T000141,C008,B244,7672.36,2025-03-04 17:03:46,Nigeria,SWIFT,DEV-02-C008,Groceries
T000308,C020,B048,13836.14,2025-03-04 17:20:48,Nigeria,SWIFT,DEV-03-C020,Fuel
T000299,C019,B259,11014.61,2025-03-04 17:35:06,UAE,NEFT,DEV-01-C019,Entertainment
T000617,C042,B152,2852.62,2025-03-04 17:41:04,India,IMPS,DEV-02-C042,Healthcare
T001818,C133,B148,13645.91,2025-03-04 17:59:10,UK,UPI,DEV-03-C133,Dining
T000546,C037,B086,17195.45,2025-03-04 19:37:08,USA,NEFT,DEV-03-C037,Healthcare
T001630,C117,B079,11100.3,2025-03-04 19:50:09,Singapore,UPI,DEV-01-C117,Utilities
T001535,C111,B286,20949.17,2025-03-04 19:52:04,USA,Cash Deposit,DEV-01-C111,Utilities
T001575,C115,B146,10699.02,2025-03-04 20:00:38,Nigeria,IMPS,DEV-01-C115,Dining
T000925,C068,B083,13585.04,2025-03-04 20:13:23,UK,NEFT,DEV-01-C068,Groceries
T000673,C049,B126,25244.22,2025-03-04 20:16:04,Singapore,SWIFT,DEV-02-C049,Jewelry
T000758,C054,B288,25741.19,2025-03-04 20:24:59,USA,RTGS,DEV-02-C054,Dining
T000227,C014,B114,6040.51,2025-03-04 21:08:21,India,Cash Deposit,DEV-02-C014,Dining
T001858,C135,B213,18647.13,2025-03-04 22:03:27,Singapore,NEFT,DEV-01-C135,Fuel
T001027,C074,B146,13528.96,2025-03-04 23:00:51,Nigeria,RTGS,DEV-02-C074,Healthcare
T000809,C059,B216,24340.93,2025-03-04 23:55:18,UAE,NEFT,DEV-01-C059,Groceries
T001000,C072,B295,7384.37,2025-03-05 02:17:46,Nigeria,RTGS,DEV-01-C072,Dining
T001880,C138,B030,19266.35,2025-03-05 04:43:18,UK,SWIFT,DEV-03-C138,Electronics
T000381,C023,B136,12997.91,2025-03-05 05:14:34,UAE,RTGS,DEV-02-C023,Crypto Exchange
T000752,C054,B138,14928.46,2025-03-05 06:18:30,UK,RTGS,DEV-01-C054,Groceries
T000429,C027,B209,7962.33,2025-03-05 09:21:01,UK,SWIFT,DEV-03-C027,Electronics
T000574,C038,B259,33636.58,2025-03-05 09:45:46,UK,SWIFT,DEV-03-C038,Entertainment
T001412,C101,B064,25246.4,2025-03-05 11:29:40,Nigeria,UPI,DEV-02-C101,Travel
T001892,C139,B214,3943.14,2025-03-05 13:08:41,Singapore,Cash Deposit,DEV-02-C139,Travel
T000601,C040,B048,2780.05,2025-03-05 13:18:01,Singapore,UPI,DEV-01-C040,Fuel
T001941,C142,B235,18346.55,2025-03-05 13:24:27,UAE,RTGS,DEV-01-C142,Entertainment
T000814,C059,B134,22454.32,2025-03-05 14:11:56,Singapore,NEFT,DEV-03-C059,Jewelry
T000019,C001,B109,13194.42,2025-03-05 15:16:58,UK,SWIFT,DEV-03-C001,Entertainment
T000603,C040,B220,33269.22,2025-03-05 15:23:28,India,Cash Deposit,DEV-01-C040,Groceries
T002010,C146,B225,7807.8,2025-03-05 17:14:32,UK,IMPS,DEV-01-C146,Fuel
T000681,C049,B127,32967.07,2025-03-05 18:36:18,UAE,UPI,DEV-03-C049,Groceries
T001075,C078,B173,48273.65,2025-03-05 20:09:37,UAE,RTGS,DEV-03-C078,Entertainment
T000179,C010,B001,13118.63,2025-03-05 20:27:35,USA,SWIFT,DEV-02-C010,Groceries
T001482,C108,B236,24151.68,2025-03-05 20:42:36,UK,RTGS,DEV-03-C108,Healthcare
T001958,C143,B107,34634.77,2025-03-05 22:36:29,India,IMPS,DEV-03-C143,Travel
T000379,C023,B088,15485.56,2025-03-05 22:57:31,USA,Cash Deposit,DEV-03-C023,Fuel
T000499,C034,B248,6671.2,2025-03-06 00:14:37,UK,NEFT,DEV-01-C034,Jewelry
T001720,C125,B100,27728.74,2025-03-06 01:32:05,Nigeria,RTGS,DEV-03-C125,Crypto Exchange
T000190,C011,B297,48720.77,2025-03-06 01:46:24,UK,IMPS,DEV-02-C011,Jewelry
T000472,C032,B074,34681.3,2025-03-06 02:24:23,USA,IMPS,DEV-02-C032,Dining
T000711,C052,B136,18146.03,2025-03-06 03:18:16,Singapore,UPI,DEV-01-C052,Utilities
T001267,C092,B122,7501.39,2025-03-06 03:27:58,UK,Cash Deposit,DEV-03-C092,Travel
T001232,C090,B076,4139.86,2025-03-06 03:57:54,UAE,SWIFT,DEV-03-C090,Dining
T000923,C068,B061,5701.58,2025-03-06 04:29:49,UAE,SWIFT,DEV-02-C068,Utilities
T000817,C059,B222,17901.95,2025-03-06 05:54:13,Nigeria,IMPS,DEV-02-C059,Fuel
T000052,C003,B285,8793.58,2025-03-06 06:16:18,Nigeria,SWIFT,DEV-01-C003,Electronics
T000312,C020,B020,13828.88,2025-03-06 06:24:24,Singapore,RTGS,DEV-01-C020,Crypto Exchange
T000790,C058,B025,5180.26,2025-03-06 06:30:06,India,Cash Deposit,DEV-01-C058,Groceries
T001966,C144,B051,13002.71,2025-03-06 08:00:34,India,IMPS,DEV-01-C144,Electronics
T001114,C082,B139,11719.1,2025-03-06 08:51:33,Nigeria,UPI,DEV-01-C082,Groceries
T000089,C005,B161,16201.52,2025-03-06 09:48:17,India,Cash Deposit,DEV-02-C005,Jewelry
T000143,C008,B157,15353.22,2025-03-06 11:08:20,USA,UPI,DEV-02-C008,Jewelry
T000255,C015,B161,3555.55,2025-03-06 13:48:49,Singapore,UPI,DEV-01-C015,Entertainment
T002014,C146,B246,17532.13,2025-03-06 14:07:41,Singapore,NEFT,DEV-02-C146,Entertainment
T000694,C051,B115,13790.95,2025-03-06 14:48:04,USA,IMPS,DEV-02-C051,Dining
T002022,C147,B127,6494.72,2025-03-06 16:39:44,UK,IMPS,DEV-02-C147,Utilities
T000090,C005,B159,23147.64,2025-03-06 17:58:23,UK,UPI,DEV-02-C005,Dining
T001617,C117,B045,14372.03,2025-03-06 18:21:15,UK,IMPS,DEV-01-C117,Electronics
T001674,C120,B231,2992.41,2025-03-06 18:44:13,UK,IMPS,DEV-03-C120,Fuel
T001437,C104,B155,30383.04,2025-03-06 19:35:20,India,NEFT,DEV-01-C104,Crypto Exchange
T000444,C029,B032,2802.51,2025-03-06 20:03:15,India,SWIFT,DEV-02-C029,Travel
T001754,C127,B097,9482.14,2025-03-06 20:13:36,UK,Cash Deposit,DEV-03-C127,Entertainment
T001355,C097,B246,13091.56,2025-03-06 22:57:57,Singapore,IMPS,DEV-03-C097,Entertainment
T000440,C028,B206,41258.46,2025-03-06 23:28:45,India,IMPS,DEV-01-C028,Entertainment
T001829,C134,B168,5802.99,2025-03-07 01:54:06,Nigeria,SWIFT,DEV-02-C134,Entertainment
T001676,C121,B024,29968.11,2025-03-07 02:14:50,UK,Cash Deposit,DEV-02-C121,Utilities
T000893,C066,B093,13980.56,2025-03-07 03:29:30,USA,NEFT,DEV-03-C066,Entertainment
T001205,C088,B226,6589.78,2025-03-07 03:49:56,India,UPI,DEV-01-C088,Travel
T000800,C058,B007,25395.05,2025-03-07 05:01:07,India,NEFT,DEV-03-C058,Entertainment
T000036,C002,B205,25449.68,2025-03-07 05:08:38,Nigeria,UPI,DEV-02-C002,Jewelry
T000567,C038,B044,13612.94,2025-03-07 06:07:48,UAE,UPI,DEV-01-C038,Electronics
T000845,C061,B177,36443.47,2025-03-07 06:44:39,UAE,Cash Deposit,DEV-03-C061,Travel
T001001,C073,B167,3444.55,2025-03-07 08:39:10,USA,SWIFT,DEV-03-C073,Entertainment
T000642,C045,B258,29734.24,2025-03-07 08:57:45,India,IMPS,DEV-01-C045,Jewelry
T000407,C026,B170,1318.64,2025-03-07 10:04:57,India,SWIFT,DEV-03-C026,Dining
T000271,C016,B026,15667.66,2025-03-07 10:27:39,India,UPI,DEV-02-C016,Healthcare
T000960,C070,B087,28346.97,2025-03-07 10:35:26,India,UPI,DEV-01-C070,Groceries
T000985,C072,B007,19207.08,2025-03-07 10:46:26,UAE,SWIFT,DEV-03-C072,Utilities
T001453,C106,B007,31309.9,2025-03-07 10:54:14,UK,Cash Deposit,DEV-01-C106,Healthcare
T001996,C146,B087,13340.39,2025-03-07 11:45:02,USA,IMPS,DEV-01-C146,Utilities
T000924,C068,B247,18204.19,2025-03-07 13:23:54,UK,SWIFT,DEV-01-C068,Crypto Exchange
T000971,C071,B113,42753.97,2025-03-07 17:19:17,Nigeria,IMPS,DEV-02-C071,Healthcare
T000514,C035,B200,11680.75,2025-03-07 17:36:20,USA,UPI,DEV-02-C035,Travel
T000208,C012,B148,11748.77,2025-03-07 18:56:52,USA,IMPS,DEV-01-C012,Entertainment
T001124,C083,B267,23865.84,2025-03-07 19:50:33,USA,Cash Deposit,DEV-03-C083,Electronics
T000317,C020,B189,20225.45,2025-03-07 20:34:10,USA,SWIFT,DEV-02-C020,Dining
T000083,C004,B205,6769.61,2025-03-07 23:23:31,USA,UPI,DEV-01-C004,Utilities
T000519,C036,B096,13818.7,2025-03-07 23:48:13,USA,Cash Deposit,DEV-02-C036,Utilities
T000605,C040,B266,16210.83,2025-03-08 00:28:28,UK,NEFT,DEV-01-C040,Fuel
T001726,C125,B063,16102.83,2025-03-08 00:55:08,USA,SWIFT,DEV-02-C125,Fuel
T000453,C029,B060,4994.75,2025-03-08 01:12:10,UAE,Cash Deposit,DEV-03-C029,Entertainment
T000449,C029,B127,23933.61,2025-03-08 01:18:41,USA,NEFT,DEV-03-C029,Entertainment
T001715,C125,B144,27245.51,2025-03-08 01:48:23,Nigeria,UPI,DEV-01-C125,Utilities
T001724,C125,B130,10617.66,2025-03-08 02:06:00,USA,SWIFT,DEV-01-C125,Healthcare
T000762,C055,B164,19743.79,2025-03-08 02:16:33,UAE,Cash Deposit,DEV-01-C055,Entertainment
T000428,C027,B052,7154.7,2025-03-08 03:17:32,UAE,NEFT,DEV-03-C027,Travel
T000871,C063,B021,18784.45,2025-03-08 06:27:35,Singapore,SWIFT,DEV-01-C063,Healthcare
T000461,C031,B042,30962.34,2025-03-08 06:52:37,Nigeria,RTGS,DEV-01-C031,Fuel
T001273,C092,B272,2271.98,2025-03-08 07:13:01,India,NEFT,DEV-03-C092,Fuel
T001975,C145,B057,10490.9,2025-03-08 09:47:13,USA,SWIFT,DEV-01-C145,Fuel
T001995,C146,B271,47685.03,2025-03-08 10:01:03,USA,NEFT,DEV-03-C146,Entertainment
T000935,C069,B259,12150.72,2025-03-08 10:41:33,UK,IMPS,DEV-03-C069,Utilities
T001472,C108,B284,9861.14,2025-03-08 13:02:15,USA,RTGS,DEV-02-C108,Entertainment
T001423,C103,B139,13368.23,2025-03-08 13:11:58,Nigeria,Cash Deposit,DEV-02-C103,Utilities
T001047,C076,B047,9524.6,2025-03-08 14:22:00,USA,UPI,DEV-03-C076,Groceries
T000445,C029,B208,12579.27,2025-03-08 14:40:02,USA,Cash Deposit,DEV-02-C029,Utilities
T001546,C112,B204,10991.45,2025-03-08 16:28:55,UAE,Cash Deposit,DEV-02-C112,Healthcare
T000722,C053,B275,10388.82,2025-03-08 16:59:03,UK,RTGS,DEV-01-C053,Entertainment
T000068,C004,B105,13061.37,2025-03-08 17:59:03,Nigeria,UPI,DEV-03-C004,Entertainment
T000549,C037,B298,32310.74,2025-03-08 18:22:27,USA,IMPS,DEV-02-C037,Fuel
T000945,C069,B106,13085.0,2025-03-08 18:36:45,Singapore,SWIFT,DEV-02-C069,Utilities
T001948,C143,B155,38229.54,2025-03-08 19:07:08,USA,IMPS,DEV-03-C143,Healthcare
T000799,C058,B107,7730.25,2025-03-08 19:37:52,UK,UPI,DEV-01-C058,Groceries
T000384,C023,B038,35679.29,2025-03-08 20:35:09,India,IMPS,DEV-02-C023,Healthcare
T001182,C087,B104,19819.78,2025-03-08 23:51:22,Singapore,UPI,DEV-01-C087,Dining
T000233,C014,B017,32773.54,2025-03-09 00:28:13,Singapore,IMPS,DEV-02-C014,Entertainment
T000968,C071,B129,5817.75,2025-03-09 09:35:03,UK,SWIFT,DEV-03-C071,Entertainment
T001416,C101,B244,18323.43,2025-03-09 09:42:29,India,UPI,DEV-03-C101,Crypto Exchange
T001527,C111,B233,15984.22,2025-03-09 11:57:25,India,NEFT,DEV-03-C111,Travel
T001302,C093,B154,9975.43,2025-03-09 13:31:23,UK,NEFT,DEV-03-C093,Fuel
T001319,C094,B087,7833.07,2025-03-09 14:29:12,Singapore,RTGS,DEV-01-C094,Entertainment
T001939,C142,B145,30333.93,2025-03-09 14:40:27,UAE,Cash Deposit,DEV-03-C142,Healthcare
T001374,C098,B058,13729.0,2025-03-09 16:19:08,UAE,SWIFT,DEV-01-C098,Electronics
T000129,C008,B053,19391.48,2025-03-09 16:34:38,Singapore,Cash Deposit,DEV-03-C008,Utilities
T001093,C080,B258,27484.57,2025-03-09 17:55:07,UAE,IMPS,DEV-01-C080,Healthcare
T000984,C072,B062,26154.01,2025-03-09 19:01:39,USA,SWIFT,DEV-02-C072,Groceries
T001525,C111,B083,13787.82,2025-03-09 19:34:53,Singapore,RTGS,DEV-01-C111,Fuel
T000627,C044,B159,22421.63,2025-03-09 20:01:58,UK,Cash Deposit,DEV-01-C044,Groceries
T001890,C139,B204,8420.56,2025-03-09 20:48:32,Singapore,NEFT,DEV-01-C139,Entertainment
T002165,C970,B960,9991.31,2025-03-09 21:31:37,UK,SWIFT,DEV-00-C970,Healthcare
T002166,C970,B961,8517.29,2025-03-09 22:31:37,USA,SWIFT,DEV-01-C970,Jewelry
T002027,C147,B157,29834.93,2025-03-09 23:29:18,Nigeria,IMPS,DEV-01-C147,Fuel
T002167,C970,B962,14740.7,2025-03-09 23:31:37,Singapore,NEFT,DEV-02-C970,Travel
T001642,C119,B076,28837.11,2025-03-09 23:48:20,UK,SWIFT,DEV-03-C119,Electronics
T001935,C142,B116,13805.87,2025-03-10 00:04:03,Nigeria,NEFT,DEV-01-C142,Entertainment
T002168,C970,B963,9588.24,2025-03-10 00:31:37,Singapore,IMPS,DEV-03-C970,Jewelry
T002169,C970,B964,10948.92,2025-03-10 01:31:37,USA,SWIFT,DEV-04-C970,Healthcare
T002170,C970,B965,7850.28,2025-03-10 02:31:37,Nigeria,Cash Deposit,DEV-05-C970,Healthcare
T000448,C029,B213,20685.85,2025-03-10 03:38:25,USA,SWIFT,DEV-03-C029,Electronics
T000831,C060,B192,29903.82,2025-03-10 04:00:08,India,NEFT,DEV-01-C060,Entertainment
T001994,C145,B218,11119.25,2025-03-10 05:09:26,USA,Cash Deposit,DEV-02-C145,Electronics
T000145,C008,B181,12183.1,2025-03-10 05:46:14,UK,UPI,DEV-02-C008,Dining
T000684,C049,B015,7317.91,2025-03-10 07:09:50,Nigeria,UPI,DEV-03-C049,Crypto Exchange
T000450,C029,B271,18660.2,2025-03-10 07:53:38,Singapore,NEFT,DEV-03-C029,Utilities
T001358,C098,B238,23813.69,2025-03-10 08:12:38,Nigeria,NEFT,DEV-03-C098,Utilities
T001208,C089,B073,12564.2,2025-03-10 09:15:47,Singapore,RTGS,DEV-01-C089,Travel
T000708,C052,B248,1523.19,2025-03-10 09:36:53,India,SWIFT,DEV-03-C052,Travel
T001663,C120,B067,11793.25,2025-03-10 09:39:41,USA,RTGS,DEV-01-C120,Electronics
T001212,C089,B092,11465.35,2025-03-10 10:01:04,USA,RTGS,DEV-03-C089,Entertainment
T001885,C138,B204,12338.3,2025-03-10 13:15:42,USA,NEFT,DEV-03-C138,Electronics
T001625,C117,B054,6096.57,2025-03-10 14:02:33,India,SWIFT,DEV-02-C117,Utilities
T001986,C145,B215,9645.47,2025-03-10 14:55:57,UK,IMPS,DEV-02-C145,Fuel
T001677,C121,B085,9099.07,2025-03-10 15:54:55,India,RTGS,DEV-03-C121,Dining
T000133,C008,B236,11033.99,2025-03-10 16:08:54,UAE,SWIFT,DEV-01-C008,Jewelry
T000764,C055,B299,8221.49,2025-03-10 17:55:12,USA,IMPS,DEV-02-C055,Electronics
T000406,C025,B251,20622.58,2025-03-10 19:29:00,USA,UPI,DEV-02-C025,Groceries
T001879,C138,B261,12567.03,2025-03-10 20:23:20,UK,Cash Deposit,DEV-03-C138,Fuel
T000375,C023,B166,28680.99,2025-03-10 20:51:49,UAE,UPI,DEV-03-C023,Dining
T000743,C054,B160,7977.03,2025-03-10 21:24:59,USA,SWIFT,DEV-01-C054,Jewelry
T001116,C082,B261,6709.53,2025-03-10 21:41:41,India,UPI,DEV-02-C082,Crypto Exchange
T001431,C104,B089,12821.51,2025-03-10 22:10:29,Singapore,NEFT,DEV-03-C104,Utilities
T000575,C038,B213,25344.2,2025-03-10 22:45:05,UK,SWIFT,DEV-01-C038,Utilities
T000651,C046,B073,10490.18,2025-03-11 02:16:13,Singapore,NEFT,DEV-01-C046,Electronics
T001383,C099,B083,8424.81,2025-03-11 02:38:33,USA,UPI,DEV-01-C099,Travel
T000250,C015,B281,27524.19,2025-03-11 03:26:10,Singapore,SWIFT,DEV-03-C015,Jewelry
T000634,C045,B135,5218.88,2025-03-11 03:50:00,USA,Cash Deposit,DEV-01-C045,Entertainment
T001118,C082,B288,1779.84,2025-03-11 04:10:24,India,NEFT,DEV-01-C082,Jewelry
T001540,C111,B115,11405.43,2025-03-11 06:43:26,UAE,IMPS,DEV-02-C111,Dining
T001955,C143,B033,21646.55,2025-03-11 07:12:01,USA,IMPS,DEV-02-C143,Groceries
T001655,C119,B072,16543.08,2025-03-11 08:33:30,UK,RTGS,DEV-03-C119,Electronics
T001972,C144,B099,13874.03,2025-03-11 08:46:38,Singapore,RTGS,DEV-03-C144,Jewelry
T001633,C117,B191,21102.39,2025-03-11 10:32:10,UK,UPI,DEV-03-C117,Electronics
T000542,C037,B079,10993.82,2025-03-11 10:37:17,UK,SWIFT,DEV-01-C037,Entertainment
T000005,C001,B102,37197.72,2025-03-11 12:26:47,Nigeria,Cash Deposit,DEV-03-C001,Healthcare
T000185,C011,B256,31871.63,2025-03-11 13:48:24,Singapore,RTGS,DEV-03-C011,Dining
T001326,C095,B093,34585.96,2025-03-11 15:11:39,UK,RTGS,DEV-01-C095,Dining
T000437,C028,B132,29073.58,2025-03-11 18:27:18,UAE,NEFT,DEV-03-C028,Fuel
T000140,C008,B124,13809.56,2025-03-11 21:53:44,UK,SWIFT,DEV-03-C008,Electronics
T001142,C084,B195,15001.22,2025-03-11 22:11:23,Singapore,SWIFT,DEV-03-C084,Crypto Exchange
T000994,C072,B274,11598.04,2025-03-11 23:01:38,Singapore,SWIFT,DEV-02-C072,Dining
T000314,C020,B085,8218.63,2025-03-12 00:28:41,UK,NEFT,DEV-02-C020,Fuel
T001449,C105,B286,20812.42,2025-03-12 02:42:00,India,NEFT,DEV-02-C105,Entertainment
T002060,C149,B055,27714.63,2025-03-12 03:47:06,Nigeria,Cash Deposit,DEV-02-C149,Dining
T000456,C030,B158,21683.0,2025-03-12 05:21:53,India,SWIFT,DEV-02-C030,Groceries
T000042,C002,B068,32818.1,2025-03-12 05:32:01,USA,RTGS,DEV-02-C002,Electronics
T000493,C034,B251,41810.88,2025-03-12 06:00:43,Nigeria,Cash Deposit,DEV-02-C034,Entertainment
T000304,C019,B130,22696.54,2025-03-12 06:25:17,Nigeria,RTGS,DEV-01-C019,Fuel
T000815,C059,B296,15291.66,2025-03-12 06:30:52,USA,IMPS,DEV-03-C059,Fuel
T000872,C064,B277,22913.57,2025-03-12 06:59:07,Singapore,NEFT,DEV-03-C064,Fuel
T001051,C077,B184,33566.35,2025-03-12 07:58:20,UAE,UPI,DEV-01-C077,Entertainment
T001200,C087,B106,7926.91,2025-03-12 08:22:19,India,SWIFT,DEV-02-C087,Jewelry
T001906,C140,B206,12214.51,2025-03-12 09:53:07,UAE,NEFT,DEV-03-C140,Utilities
T001856,C135,B122,8092.72,2025-03-12 10:05:28,USA,SWIFT,DEV-03-C135,Fuel
T002040,C148,B155,16259.13,2025-03-12 10:11:22,UK,IMPS,DEV-03-C148,Travel
T001985,C145,B028,30670.37,2025-03-12 10:20:57,Nigeria,UPI,DEV-03-C145,Electronics
T001612,C116,B148,4736.29,2025-03-12 12:11:23,UAE,SWIFT,DEV-02-C116,Entertainment
T001649,C119,B156,12636.97,2025-03-12 12:53:21,UK,RTGS,DEV-01-C119,Groceries
T001871,C137,B284,5646.57,2025-03-12 13:12:47,UAE,UPI,DEV-02-C137,Entertainment
T001542,C112,B145,7013.54,2025-03-12 13:21:09,Nigeria,IMPS,DEV-02-C112,Travel
T002069,C150,B071,16939.19,2025-03-12 13:29:03,India,RTGS,DEV-01-C150,Healthcare
T001258,C091,B156,24750.69,2025-03-12 13:58:00,USA,UPI,DEV-01-C091,Entertainment
T001032,C075,B225,12049.37,2025-03-12 14:16:56,India,IMPS,DEV-01-C075,Travel
T001774,C129,B108,7492.34,2025-03-12 14:43:42,India,SWIFT,DEV-03-C129,Crypto Exchange
T000396,C024,B136,9824.76,2025-03-12 15:12:59,Singapore,SWIFT,DEV-02-C024,Groceries
T001008,C073,B065,15658.65,2025-03-12 15:49:57,UAE,Cash Deposit,DEV-02-C073,Utilities
T001402,C101,B111,6331.44,2025-03-12 16:01:16,UK,Cash Deposit,DEV-02-C101,Entertainment
T002065,C150,B252,9860.51,2025-03-12 19:48:41,UAE,Cash Deposit,DEV-02-C150,Groceries
T001159,C086,B159,13338.79,2025-03-12 21:24:00,UK,UPI,DEV-03-C086,Travel
T000494,C034,B087,7953.03,2025-03-13 03:28:59,Singapore,IMPS,DEV-01-C034,Jewelry
T001050,C077,B225,31960.89,2025-03-13 04:27:13,UAE,NEFT,DEV-03-C077,Healthcare
T000860,C063,B089,5676.32,2025-03-13 08:51:33,USA,NEFT,DEV-02-C063,Groceries
T000339,C021,B298,9129.53,2025-03-13 09:06:35,Singapore,IMPS,DEV-01-C021,Fuel
T001039,C076,B236,25257.46,2025-03-13 09:25:34,India,RTGS,DEV-03-C076,Electronics
T001310,C094,B019,6260.24,2025-03-13 09:44:43,UAE,SWIFT,DEV-03-C094,Groceries
T001362,C098,B172,16243.95,2025-03-13 10:26:48,India,RTGS,DEV-03-C098,Fuel
T000002,C001,B072,11955.72,2025-03-13 12:06:08,India,Cash Deposit,DEV-03-C001,Jewelry
T000078,C004,B092,8298.14,2025-03-13 12:19:10,Singapore,SWIFT,DEV-03-C004,Electronics
T001652,C119,B294,19770.86,2025-03-13 13:00:18,India,SWIFT,DEV-02-C119,Electronics
T001606,C116,B254,40255.58,2025-03-13 13:31:01,USA,RTGS,DEV-03-C116,Jewelry
T000976,C071,B256,25753.26,2025-03-13 13:35:45,UAE,IMPS,DEV-03-C071,Electronics
T001338,C096,B122,14062.42,2025-03-13 15:04:37,UK,IMPS,DEV-02-C096,Electronics
T002001,C146,B002,21845.58,2025-03-13 15:43:28,Nigeria,RTGS,DEV-02-C146,Electronics
T000858,C063,B280,43112.25,2025-03-13 16:42:47,USA,IMPS,DEV-03-C063,Electronics
T001410,C101,B287,10511.97,2025-03-13 19:59:22,UK,IMPS,DEV-01-C101,Groceries
T001589,C115,B059,18981.16,2025-03-13 21:31:39,Nigeria,SWIFT,DEV-01-C115,Travel
T000071,C004,B083,11443.68,2025-03-13 23:11:35,UK,RTGS,DEV-03-C004,Healthcare
T000484,C033,B098,7771.82,2025-03-13 23:45:44,India,Cash Deposit,DEV-02-C033,Electronics
T000853,C063,B115,4676.35,2025-03-14 01:56:49,Nigeria,RTGS,DEV-02-C063,Electronics
T001572,C115,B029,25771.55,2025-03-14 05:10:46,India,RTGS,DEV-03-C115,Healthcare
T000997,C072,B231,7041.23,2025-03-14 07:01:40,Singapore,UPI,DEV-02-C072,Fuel
T001925,C141,B097,9939.03,2025-03-14 07:05:06,India,RTGS,DEV-02-C141,Travel
T001041,C076,B022,10914.0,2025-03-14 07:20:02,USA,RTGS,DEV-01-C076,Dining
T000824,C060,B255,17670.05,2025-03-14 08:31:57,Nigeria,NEFT,DEV-01-C060,Healthcare
T000737,C053,B026,13626.51,2025-03-14 09:43:22,UK,UPI,DEV-02-C053,Groceries
T000221,C013,B152,51146.82,2025-03-14 11:36:33,Singapore,NEFT,DEV-02-C013,Utilities
T000201,C012,B117,9036.16,2025-03-14 12:05:30,India,SWIFT,DEV-01-C012,Utilities
T000878,C064,B037,35454.73,2025-03-14 12:22:54,Nigeria,IMPS,DEV-01-C064,Entertainment
T001356,C097,B293,11612.46,2025-03-14 13:18:15,USA,NEFT,DEV-02-C097,Entertainment
T000951,C070,B061,3703.56,2025-03-14 14:32:00,UAE,SWIFT,DEV-03-C070,Travel
T000054,C003,B032,17025.02,2025-03-14 14:54:33,Singapore,NEFT,DEV-01-C003,Crypto Exchange
T000664,C047,B285,2536.91,2025-03-14 15:08:56,USA,IMPS,DEV-01-C047,Entertainment
T000592,C039,B264,10847.89,2025-03-14 19:09:58,Singapore,Cash Deposit,DEV-02-C039,Entertainment
T001563,C114,B087,12163.37,2025-03-14 19:28:44,USA,UPI,DEV-03-C114,Crypto Exchange
T000850,C062,B137,13298.51,2025-03-14 20:03:28,UAE,UPI,DEV-03-C062,Dining
T000136,C008,B125,9029.04,2025-03-14 20:44:11,UK,RTGS,DEV-03-C008,Healthcare
T001680,C122,B097,18531.78,2025-03-14 20:55:41,UK,RTGS,DEV-01-C122,Utilities
T000026,C002,B275,15182.68,2025-03-14 21:40:19,Singapore,Cash Deposit,DEV-02-C002,Utilities
T000937,C069,B258,13098.54,2025-03-15 01:10:47,India,NEFT,DEV-02-C069,Travel
T000612,C042,B072,29274.69,2025-03-15 01:19:31,India,RTGS,DEV-03-C042,Healthcare
T001888,C139,B211,7506.84,2025-03-15 01:21:50,Nigeria,NEFT,DEV-01-C139,Crypto Exchange
T001094,C080,B229,15774.38,2025-03-15 02:14:41,USA,RTGS,DEV-03-C080,Utilities
T001367,C098,B108,8195.01,2025-03-15 03:01:17,Nigeria,IMPS,DEV-02-C098,Fuel
T001634,C117,B078,11461.02,2025-03-15 03:05:52,USA,SWIFT,DEV-01-C117,Travel
T000049,C003,B048,11190.82,2025-03-15 03:56:05,UAE,IMPS,DEV-02-C003,Entertainment
T000222,C013,B073,6606.32,2025-03-15 05:18:01,UAE,Cash Deposit,DEV-03-C013,Healthcare
T001391,C100,B149,23275.41,2025-03-15 05:19:26,USA,Cash Deposit,DEV-01-C100,Crypto Exchange
T000948,C069,B204,16478.34,2025-03-15 07:12:43,UAE,SWIFT,DEV-03-C069,Jewelry
T000104,C006,B163,6965.48,2025-03-15 07:51:36,UK,RTGS,DEV-03-C006,Jewelry
T001214,C090,B041,1051.98,2025-03-15 09:00:31,UK,RTGS,DEV-01-C090,Utilities
T000023,C001,B047,3782.35,2025-03-15 09:06:00,India,NEFT,DEV-01-C001,Travel
T000883,C065,B033,19403.3,2025-03-15 09:30:57,Nigeria,RTGS,DEV-01-C065,Utilities
T001651,C119,B025,14455.65,2025-03-15 10:54:44,Nigeria,NEFT,DEV-02-C119,Dining
T000781,C056,B165,8004.91,2025-03-15 11:34:58,USA,IMPS,DEV-01-C056,Groceries
T000835,C060,B056,6107.3,2025-03-15 12:17:09,UK,NEFT,DEV-03-C060,Crypto Exchange
T000911,C067,B085,16662.97,2025-03-15 12:25:04,USA,IMPS,DEV-02-C067,Travel
T000969,C071,B125,27988.21,2025-03-15 13:02:26,Singapore,SWIFT,DEV-03-C071,Entertainment
T001793,C132,B297,15333.44,2025-03-15 13:48:58,Nigeria,NEFT,DEV-02-C132,Jewelry
T001727,C125,B265,27361.8,2025-03-15 16:38:55,India,Cash Deposit,DEV-01-C125,Groceries
T000290,C019,B289,5233.59,2025-03-15 18:38:31,USA,SWIFT,DEV-03-C019,Crypto Exchange
T000289,C018,B079,6269.55,2025-03-15 19:25:48,Nigeria,NEFT,DEV-01-C018,Entertainment
T001869,C136,B222,42061.83,2025-03-15 19:41:03,UAE,SWIFT,DEV-01-C136,Healthcare
T000647,C045,B280,37908.29,2025-03-15 20:03:07,UAE,IMPS,DEV-01-C045,Healthcare
T000033,C002,B036,7492.85,2025-03-15 20:19:53,USA,IMPS,DEV-01-C002,Entertainment
T002020,C147,B043,9357.95,2025-03-15 21:01:30,UK,IMPS,DEV-03-C147,Travel
T001902,C140,B267,3962.96,2025-03-15 22:06:23,Singapore,SWIFT,DEV-02-C140,Fuel
T001447,C105,B058,15636.67,2025-03-15 22:12:45,Singapore,NEFT,DEV-02-C105,Utilities
T000488,C033,B241,34042.98,2025-03-15 22:43:26,Singapore,IMPS,DEV-02-C033,Fuel
T001673,C120,B068,27189.91,2025-03-15 23:28:30,UAE,RTGS,DEV-03-C120,Entertainment
T000028,C002,B257,10459.05,2025-03-15 23:30:02,UAE,RTGS,DEV-01-C002,Dining
T001629,C117,B227,8017.66,2025-03-15 23:30:23,USA,SWIFT,DEV-03-C117,Utilities
T000147,C008,B275,24422.5,2025-03-16 00:01:49,Nigeria,IMPS,DEV-01-C008,Electronics
T001133,C083,B014,18883.06,2025-03-16 00:37:53,USA,RTGS,DEV-02-C083,Crypto Exchange
T000768,C055,B287,13175.84,2025-03-16 01:43:41,UAE,Cash Deposit,DEV-02-C055,Utilities
T001878,C138,B100,12583.84,2025-03-16 01:48:15,UK,UPI,DEV-03-C138,Fuel
T001695,C122,B127,4372.63,2025-03-16 01:52:05,USA,Cash Deposit,DEV-01-C122,Dining
T001771,C129,B024,15338.72,2025-03-16 02:06:38,USA,RTGS,DEV-01-C129,Jewelry
T001471,C108,B250,7668.87,2025-03-16 04:16:29,India,RTGS,DEV-03-C108,Entertainment
T001735,C126,B225,13764.71,2025-03-16 04:28:43,India,Cash Deposit,DEV-02-C126,Crypto Exchange
T000979,C072,B004,11664.65,2025-03-16 04:49:05,USA,NEFT,DEV-02-C072,Fuel
T001026,C074,B265,12340.82,2025-03-16 05:30:12,USA,Cash Deposit,DEV-03-C074,Dining
T001414,C101,B062,4101.64,2025-03-16 05:55:22,Singapore,SWIFT,DEV-01-C101,Crypto Exchange
T000172,C010,B011,7880.72,2025-03-16 06:01:15,Nigeria,UPI,DEV-03-C010,Groceries
T001458,C106,B143,18635.67,2025-03-16 06:09:10,Nigeria,RTGS,DEV-03-C106,Dining
T001146,C084,B265,6535.7,2025-03-16 06:57:06,Nigeria,NEFT,DEV-01-C084,Dining
T001477,C108,B014,24249.28,2025-03-16 07:01:52,Nigeria,UPI,DEV-02-C108,Utilities
T001918,C140,B197,11200.18,2025-03-16 09:37:44,Singapore,IMPS,DEV-03-C140,Dining
T001421,C103,B100,43494.41,2025-03-16 09:56:25,Nigeria,IMPS,DEV-01-C103,Crypto Exchange
T000680,C049,B184,15782.19,2025-03-16 10:52:18,USA,IMPS,DEV-01-C049,Utilities
T000623,C043,B257,27055.68,2025-03-16 11:29:45,UK,SWIFT,DEV-03-C043,Healthcare
T000276,C016,B109,3008.28,2025-03-16 12:03:14,UAE,UPI,DEV-02-C016,Fuel
T000828,C060,B287,6337.02,2025-03-16 12:12:35,USA,RTGS,DEV-02-C060,Fuel
T001465,C107,B267,18712.0,2025-03-16 12:34:21,UK,SWIFT,DEV-01-C107,Dining
T000373,C023,B094,12780.4,2025-03-16 13:03:39,UAE,SWIFT,DEV-03-C023,Groceries
T001158,C086,B092,30032.36,2025-03-16 16:15:54,Nigeria,NEFT,DEV-02-C086,Dining
T001286,C093,B142,16087.92,2025-03-16 16:44:12,UK,Cash Deposit,DEV-03-C093,Fuel
T001601,C116,B155,8603.32,2025-03-16 17:34:48,UK,IMPS,DEV-02-C116,Healthcare
T001792,C131,B005,4118.52,2025-03-16 18:24:26,Singapore,UPI,DEV-02-C131,Healthcare
T001038,C075,B198,4414.57,2025-03-16 21:05:06,UK,IMPS,DEV-03-C075,Groceries
T000789,C058,B131,5605.46,2025-03-16 21:08:31,USA,RTGS,DEV-01-C058,Crypto Exchange
T001928,C141,B164,21447.15,2025-03-16 21:12:53,Singapore,Cash Deposit,DEV-01-C141,Jewelry
T000836,C060,B064,9306.39,2025-03-16 23:13:43,UK,SWIFT,DEV-03-C060,Crypto Exchange
T000422,C027,B177,18834.12,2025-03-17 01:22:13,UAE,UPI,DEV-01-C027,Dining
T000012,C001,B117,16849.33,2025-03-17 01:22:47,Singapore,NEFT,DEV-01-C001,Utilities
T000517,C035,B204,9669.56,2025-03-17 02:30:48,Singapore,NEFT,DEV-03-C035,Dining
T000957,C070,B030,28391.72,2025-03-17 02:38:18,UAE,Cash Deposit,DEV-02-C070,Entertainment
T001098,C080,B223,11831.22,2025-03-17 03:08:35,Nigeria,IMPS,DEV-01-C080,Entertainment
T002161,C960,B950,26644.04,2025-03-17 04:26:47,India,SWIFT,DEV-01-C960,Fuel
T002162,C960,B951,28390.52,2025-03-17 04:56:47,UAE,IMPS,DEV-03-C960,Crypto Exchange
T002163,C960,B952,58204.18,2025-03-17 05:26:47,Singapore,UPI,DEV-02-C960,Groceries
T002164,C960,B953,32077.78,2025-03-17 05:56:47,Nigeria,UPI,DEV-03-C960,Utilities
T001644,C119,B208,8582.28,2025-03-17 06:48:49,UAE,UPI,DEV-01-C119,Groceries
T001293,C093,B129,8358.48,2025-03-17 11:05:37,UK,NEFT,DEV-02-C093,Travel
T001321,C094,B193,8529.85,2025-03-17 12:04:58,UAE,NEFT,DEV-02-C094,Utilities
T001949,C143,B046,8182.11,2025-03-17 12:14:38,UK,Cash Deposit,DEV-02-C143,Dining
T000126,C007,B059,27446.87,2025-03-17 12:23:11,UAE,UPI,DEV-01-C007,Crypto Exchange
T000797,C058,B103,10906.9,2025-03-17 12:46:32,Singapore,RTGS,DEV-01-C058,Fuel
T000101,C006,B055,25963.16,2025-03-17 13:51:03,UK,IMPS,DEV-01-C006,Jewelry
T000030,C002,B277,27502.39,2025-03-17 14:19:52,USA,NEFT,DEV-03-C002,Fuel
T001150,C085,B093,12295.42,2025-03-17 14:34:30,USA,Cash Deposit,DEV-03-C085,Travel
T000615,C042,B146,14142.59,2025-03-17 15:07:51,Nigeria,NEFT,DEV-03-C042,Dining
T001337,C096,B118,15590.58,2025-03-17 15:08:38,India,UPI,DEV-01-C096,Utilities
T001132,C083,B078,8873.01,2025-03-17 15:27:10,UAE,NEFT,DEV-01-C083,Travel
T000286,C018,B171,39450.77,2025-03-17 15:28:34,UAE,NEFT,DEV-03-C018,Utilities
T000733,C053,B289,16290.0,2025-03-17 16:28:14,India,UPI,DEV-03-C053,Fuel
T000657,C047,B070,7763.02,2025-03-17 17:23:05,USA,NEFT,DEV-01-C047,Utilities
T000076,C004,B182,3463.3,2025-03-17 17:48:09,USA,SWIFT,DEV-03-C004,Travel
T001626,C117,B055,25833.32,2025-03-17 21:22:55,USA,RTGS,DEV-01-C117,Jewelry
T000731,C053,B268,14196.45,2025-03-17 21:27:34,UK,NEFT,DEV-02-C053,Travel
T000130,C008,B290,25812.48,2025-03-17 23:40:21,India,UPI,DEV-03-C008,Healthcare
T001737,C126,B034,18845.49,2025-03-17 23:41:52,UAE,NEFT,DEV-02-C126,Groceries
T001978,C145,B054,16522.01,2025-03-17 23:54:05,India,IMPS,DEV-03-C145,Dining
T001697,C122,B105,12391.91,2025-03-18 00:14:46,UAE,UPI,DEV-03-C122,Travel
T000959,C070,B018,44154.62,2025-03-18 02:45:28,USA,RTGS,DEV-03-C070,Electronics
T001188,C087,B237,36583.16,2025-03-18 02:49:36,UK,Cash Deposit,DEV-01-C087,Jewelry
T000854,C063,B262,11431.57,2025-03-18 03:34:05,Nigeria,UPI,DEV-03-C063,Groceries
T001225,C090,B221,13532.07,2025-03-18 03:35:02,UK,RTGS,DEV-02-C090,Jewelry
T000796,C058,B059,10270.66,2025-03-18 04:37:24,India,SWIFT,DEV-01-C058,Crypto Exchange
T001169,C086,B294,17610.94,2025-03-18 10:33:34,USA,IMPS,DEV-02-C086,Crypto Exchange
T000302,C019,B027,22755.55,2025-03-18 15:01:55,Nigeria,Cash Deposit,DEV-02-C019,Utilities
T001523,C110,B209,36687.31,2025-03-18 15:14:34,India,UPI,DEV-01-C110,Entertainment
T001345,C096,B081,4775.38,2025-03-18 15:46:39,Nigeria,RTGS,DEV-01-C096,Crypto Exchange
T001772,C129,B151,18227.66,2025-03-18 15:52:22,UAE,UPI,DEV-01-C129,Groceries
T001528,C111,B228,4628.62,2025-03-18 19:12:30,Nigeria,IMPS,DEV-01-C111,Healthcare
T000367,C023,B103,5374.03,2025-03-18 21:38:48,UAE,IMPS,DEV-02-C023,Groceries
T001222,C090,B037,15390.15,2025-03-18 22:29:52,Singapore,RTGS,DEV-02-C090,Healthcare
T001543,C112,B210,11589.68,2025-03-18 22:34:25,UAE,NEFT,DEV-02-C112,Dining
T001531,C111,B211,12584.1,2025-03-18 22:59:25,Singapore,SWIFT,DEV-02-C111,Travel
T002089,C902,B405,8700.42,2025-03-19 00:59:33,Nigeria,IMPS,DEV-02-C902,Healthcare
T002090,C902,B407,9281.18,2025-03-19 01:00:33,UK,RTGS,DEV-03-C902,Electronics
T002091,C902,B406,8621.25,2025-03-19 01:01:33,Nigeria,SWIFT,DEV-03-C902,Crypto Exchange
T002092,C902,B403,9519.49,2025-03-19 01:02:33,UAE,UPI,DEV-01-C902,Electronics
T002093,C902,B400,9025.48,2025-03-19 01:03:33,UK,IMPS,DEV-01-C902,Groceries
T002094,C902,B405,9023.24,2025-03-19 01:04:33,UAE,UPI,DEV-02-C902,Travel
T002095,C902,B406,8851.62,2025-03-19 01:05:33,UAE,NEFT,DEV-03-C902,Travel
T002096,C902,B401,9894.98,2025-03-19 01:06:33,Nigeria,IMPS,DEV-02-C902,Groceries
T002097,C902,B406,9038.94,2025-03-19 01:07:33,Nigeria,NEFT,DEV-03-C902,Crypto Exchange
T002098,C902,B401,9191.4,2025-03-19 01:08:33,USA,IMPS,DEV-01-C902,Travel
T002099,C902,B405,8704.85,2025-03-19 01:09:33,UAE,NEFT,DEV-01-C902,Crypto Exchange
T002100,C902,B406,8717.09,2025-03-19 01:10:33,UAE,SWIFT,DEV-03-C902,Travel
T002101,C902,B404,9181.77,2025-03-19 01:11:33,Nigeria,UPI,DEV-02-C902,Groceries
T002102,C902,B404,8661.34,2025-03-19 01:12:33,India,Cash Deposit,DEV-01-C902,Crypto Exchange
T002103,C902,B402,9229.78,2025-03-19 01:13:33,India,SWIFT,DEV-02-C902,Entertainment
T002104,C902,B404,9832.77,2025-03-19 01:14:33,USA,UPI,DEV-03-C902,Electronics
T002105,C902,B406,9850.6,2025-03-19 01:15:33,Singapore,NEFT,DEV-03-C902,Healthcare
T002106,C902,B402,9577.55,2025-03-19 01:16:33,UK,RTGS,DEV-01-C902,Electronics
T000366,C023,B090,9392.61,2025-03-19 01:26:47,Singapore,RTGS,DEV-01-C023,Utilities
T000095,C006,B243,16594.99,2025-03-19 01:32:15,Nigeria,IMPS,DEV-03-C006,Utilities
T001953,C143,B049,12293.37,2025-03-19 02:57:18,USA,IMPS,DEV-02-C143,Entertainment
T001361,C098,B295,8784.05,2025-03-19 03:16:10,UAE,Cash Deposit,DEV-01-C098,Crypto Exchange
T001769,C129,B067,22131.84,2025-03-19 04:14:48,UAE,IMPS,DEV-03-C129,Healthcare
T001492,C109,B178,17101.8,2025-03-19 06:00:10,India,Cash Deposit,DEV-02-C109,Jewelry
T000203,C012,B167,3272.52,2025-03-19 07:08:55,India,UPI,DEV-02-C012,Fuel
T000547,C037,B170,18628.86,2025-03-19 07:21:10,UK,NEFT,DEV-01-C037,Utilities
T000520,C036,B152,21172.66,2025-03-19 11:36:12,UAE,Cash Deposit,DEV-01-C036,Utilities
T001254,C091,B277,11473.93,2025-03-19 11:42:13,USA,UPI,DEV-03-C091,Groceries
T000562,C038,B053,5632.38,2025-03-19 14:58:31,USA,IMPS,DEV-02-C038,Fuel
T001180,C087,B107,23189.16,2025-03-19 15:07:11,USA,SWIFT,DEV-02-C087,Groceries
T001616,C117,B242,42988.53,2025-03-19 15:33:51,UAE,RTGS,DEV-01-C117,Dining
T001576,C115,B252,44252.32,2025-03-19 18:41:57,UK,Cash Deposit,DEV-02-C115,Crypto Exchange
T001491,C109,B291,10450.78,2025-03-19 18:53:52,USA,SWIFT,DEV-02-C109,Electronics
T000103,C006,B069,10956.16,2025-03-19 19:26:09,UK,Cash Deposit,DEV-03-C006,Jewelry
T001275,C092,B137,9089.12,2025-03-19 21:31:57,India,UPI,DEV-03-C092,Crypto Exchange
T000873,C064,B264,30443.25,2025-03-19 22:41:54,USA,SWIFT,DEV-02-C064,Groceries
T002125,C920,B600,89459.52,2025-03-20 00:00:00,USA,Cash Deposit,DEV-03-C920,Fuel
T002126,C920,B601,51323.61,2025-03-20 01:00:00,UAE,UPI,DEV-02-C920,Fuel
T000534,C036,B195,3272.81,2025-03-20 01:38:02,Singapore,SWIFT,DEV-02-C036,Healthcare
T000991,C072,B139,32046.17,2025-03-20 01:39:35,UAE,RTGS,DEV-02-C072,Healthcare
T002127,C920,B602,63642.95,2025-03-20 02:00:00,UK,NEFT,DEV-03-C920,Healthcare
T002128,C920,B603,36737.74,2025-03-20 03:00:00,USA,RTGS,DEV-01-C920,Travel
T002129,C920,B604,59683.06,2025-03-20 04:00:00,UK,NEFT,DEV-01-C920,Travel
T002130,C920,B605,73642.21,2025-03-20 05:00:00,Singapore,RTGS,DEV-01-C920,Entertainment
T000688,C050,B104,10513.2,2025-03-20 07:09:14,UAE,UPI,DEV-03-C050,Travel
T001308,C094,B109,28177.77,2025-03-20 08:41:16,Nigeria,Cash Deposit,DEV-03-C094,Entertainment
T000009,C001,B136,15991.68,2025-03-20 08:44:42,India,Cash Deposit,DEV-02-C001,Jewelry
T001759,C127,B170,26155.87,2025-03-20 09:04:42,Nigeria,SWIFT,DEV-01-C127,Healthcare
T000043,C002,B243,17427.9,2025-03-20 09:36:15,UK,IMPS,DEV-01-C002,Utilities
T001264,C092,B190,16914.65,2025-03-20 10:24:18,UAE,UPI,DEV-03-C092,Electronics
T001485,C108,B051,20293.08,2025-03-20 11:32:14,UK,NEFT,DEV-03-C108,Electronics
T001716,C125,B156,20313.82,2025-03-20 11:44:32,Nigeria,IMPS,DEV-01-C125,Entertainment
T000697,C051,B163,3599.8,2025-03-20 12:39:24,USA,IMPS,DEV-03-C051,Crypto Exchange
T000436,C028,B099,14633.56,2025-03-20 12:40:22,India,UPI,DEV-01-C028,Entertainment
T000466,C031,B017,24793.51,2025-03-20 14:13:15,Nigeria,SWIFT,DEV-03-C031,Groceries
T001767,C129,B190,53506.78,2025-03-20 14:14:35,Singapore,Cash Deposit,DEV-01-C129,Jewelry
T001799,C132,B256,20584.45,2025-03-20 16:22:19,Nigeria,UPI,DEV-02-C132,Electronics
T001085,C079,B132,20838.29,2025-03-20 17:56:23,Singapore,NEFT,DEV-03-C079,Healthcare
T000257,C015,B191,12767.83,2025-03-20 19:33:34,UAE,RTGS,DEV-01-C015,Crypto Exchange
T001712,C124,B181,14871.96,2025-03-20 21:55:03,UK,RTGS,DEV-02-C124,Healthcare
T000177,C010,B206,6473.38,2025-03-20 23:44:46,USA,NEFT,DEV-02-C010,Utilities
T000566,C038,B089,11178.95,2025-03-21 00:08:51,Nigeria,Cash Deposit,DEV-02-C038,Crypto Exchange
T001889,C139,B177,9588.61,2025-03-21 01:17:19,UAE,UPI,DEV-03-C139,Electronics
T000807,C059,B191,11176.29,2025-03-21 03:00:15,Singapore,IMPS,DEV-01-C059,Healthcare
T001598,C116,B058,1002.67,2025-03-21 05:20:37,India,Cash Deposit,DEV-01-C116,Groceries
T001930,C142,B075,11248.03,2025-03-21 05:45:45,Singapore,IMPS,DEV-02-C142,Entertainment
T001231,C090,B112,13326.02,2025-03-21 07:49:34,UAE,RTGS,DEV-03-C090,Groceries
T001430,C104,B072,10471.59,2025-03-21 07:50:17,UK,RTGS,DEV-03-C104,Fuel
T000738,C053,B173,13239.37,2025-03-21 08:38:50,Singapore,UPI,DEV-02-C053,Entertainment
T001221,C090,B208,18698.9,2025-03-21 09:02:10,Nigeria,NEFT,DEV-02-C090,Jewelry
T001813,C133,B222,5932.36,2025-03-21 09:50:09,Nigeria,Cash Deposit,DEV-02-C133,Travel
T000097,C006,B048,43376.6,2025-03-21 11:03:53,UAE,Cash Deposit,DEV-02-C006,Electronics
T000663,C047,B134,3515.18,2025-03-21 14:56:50,UAE,NEFT,DEV-02-C047,Entertainment
T001171,C086,B195,4435.49,2025-03-21 15:21:19,India,SWIFT,DEV-03-C086,Utilities
T000742,C054,B192,3855.72,2025-03-21 17:06:33,India,RTGS,DEV-01-C054,Utilities
T001734,C126,B028,12949.06,2025-03-21 18:32:43,Singapore,RTGS,DEV-01-C126,Utilities
T000411,C026,B076,14548.21,2025-03-21 18:36:34,Nigeria,IMPS,DEV-01-C026,Crypto Exchange
T000832,C060,B072,7975.04,2025-03-21 19:01:22,Nigeria,Cash Deposit,DEV-03-C060,Healthcare
T000154,C009,B059,31164.81,2025-03-21 19:40:05,India,SWIFT,DEV-02-C009,Utilities
T000132,C008,B216,6838.38,2025-03-21 20:10:11,UK,NEFT,DEV-02-C008,Fuel
T000727,C053,B104,1939.25,2025-03-21 20:42:47,Nigeria,IMPS,DEV-03-C053,Dining
T000579,C039,B279,21028.02,2025-03-21 22:23:16,Singapore,RTGS,DEV-01-C039,Entertainment
T001068,C078,B030,14864.8,2025-03-21 23:13:37,USA,UPI,DEV-03-C078,Groceries
T000666,C048,B102,20046.5,2025-03-21 23:17:53,UK,UPI,DEV-03-C048,Utilities
T001501,C109,B137,32306.66,2025-03-21 23:23:06,Singapore,Cash Deposit,DEV-01-C109,Dining
T002058,C149,B006,2085.09,2025-03-21 23:54:00,Singapore,IMPS,DEV-03-C149,Dining
T000641,C045,B139,28320.43,2025-03-22 04:42:45,India,RTGS,DEV-02-C045,Utilities
T001760,C127,B095,19399.17,2025-03-22 04:54:57,India,UPI,DEV-01-C127,Utilities
T001077,C079,B221,28242.57,2025-03-22 05:04:50,Nigeria,UPI,DEV-03-C079,Electronics
T000166,C009,B137,9736.61,2025-03-22 06:11:24,UAE,NEFT,DEV-01-C009,Travel
T000439,C028,B208,12975.23,2025-03-22 07:01:33,UK,RTGS,DEV-02-C028,Utilities
T000938,C069,B277,24035.93,2025-03-22 08:15:55,India,Cash Deposit,DEV-03-C069,Healthcare
T001621,C117,B090,12168.59,2025-03-22 09:15:36,USA,NEFT,DEV-01-C117,Fuel
T001037,C075,B196,18249.92,2025-03-22 09:58:01,India,NEFT,DEV-03-C075,Electronics
T000596,C040,B166,15788.4,2025-03-22 10:10:49,Singapore,UPI,DEV-03-C040,Crypto Exchange
T000451,C029,B032,18280.8,2025-03-22 11:11:00,USA,RTGS,DEV-01-C029,Crypto Exchange
T000704,C051,B052,13688.45,2025-03-22 11:15:36,UK,RTGS,DEV-03-C051,Electronics
T001699,C123,B238,3011.04,2025-03-22 12:34:34,USA,UPI,DEV-03-C123,Travel
T001370,C098,B270,18826.38,2025-03-22 13:00:52,India,SWIFT,DEV-03-C098,Jewelry
T001886,C139,B085,18361.95,2025-03-22 13:27:23,UK,UPI,DEV-03-C139,Dining
T000857,C063,B227,5306.23,2025-03-22 14:00:06,UAE,Cash Deposit,DEV-03-C063,Fuel
T000105,C006,B219,12552.78,2025-03-22 15:21:59,USA,SWIFT,DEV-01-C006,Entertainment
T000322,C020,B076,11789.27,2025-03-22 16:28:45,UK,NEFT,DEV-01-C020,Entertainment
T000283,C017,B236,3378.22,2025-03-22 18:45:39,Nigeria,UPI,DEV-01-C017,Healthcare
T001185,C087,B015,21559.84,2025-03-22 18:48:00,UAE,IMPS,DEV-02-C087,Fuel
T000214,C013,B255,17927.4,2025-03-22 20:39:19,Singapore,IMPS,DEV-03-C013,Fuel
T001615,C117,B214,21740.28,2025-03-22 21:13:07,Nigeria,Cash Deposit,DEV-03-C117,Fuel
T000279,C016,B287,16813.17,2025-03-22 21:51:21,Nigeria,UPI,DEV-01-C016,Healthcare
T000492,C033,B292,36552.5,2025-03-22 21:52:33,UAE,SWIFT,DEV-03-C033,Fuel
T000232,C014,B051,9051.01,2025-03-22 22:38:44,UK,RTGS,DEV-02-C014,Dining
T001306,C094,B274,18170.83,2025-03-22 23:56:38,UK,NEFT,DEV-01-C094,Fuel
T001069,C078,B037,21068.34,2025-03-23 00:25:28,Singapore,NEFT,DEV-01-C078,Jewelry
T001534,C111,B194,20854.14,2025-03-23 00:56:35,USA,IMPS,DEV-01-C111,Groceries
T000186,C011,B213,13551.44,2025-03-23 01:02:51,UK,SWIFT,DEV-01-C011,Entertainment
T000463,C031,B115,34556.3,2025-03-23 01:16:31,India,NEFT,DEV-02-C031,Entertainment
T001404,C101,B072,10350.27,2025-03-23 02:52:58,USA,RTGS,DEV-01-C101,Travel
T001317,C094,B165,5277.31,2025-03-23 05:00:58,UAE,NEFT,DEV-03-C094,Travel
T001476,C108,B066,7627.9,2025-03-23 06:11:52,Singapore,UPI,DEV-03-C108,Crypto Exchange
T000719,C052,B116,30196.16,2025-03-23 06:32:05,Singapore,RTGS,DEV-01-C052,Travel
T001957,C143,B266,17050.56,2025-03-23 06:41:12,USA,RTGS,DEV-03-C143,Utilities
T000496,C034,B018,16509.02,2025-03-23 11:10:16,India,Cash Deposit,DEV-01-C034,Groceries
T001713,C124,B091,12381.37,2025-03-23 11:21:05,Nigeria,NEFT,DEV-01-C124,Entertainment
T000851,C062,B075,21896.32,2025-03-23 11:54:05,India,Cash Deposit,DEV-02-C062,Electronics
T001997,C146,B188,6791.98,2025-03-23 11:57:52,UAE,RTGS,DEV-02-C146,Groceries
T000901,C066,B142,11532.19,2025-03-23 13:35:53,Singapore,IMPS,DEV-03-C066,Fuel
T000116,C007,B085,12595.22,2025-03-23 14:31:12,UK,IMPS,DEV-03-C007,Jewelry
T001524,C111,B212,24240.83,2025-03-23 16:03:10,Singapore,Cash Deposit,DEV-02-C111,Utilities
T001600,C116,B224,8809.45,2025-03-23 18:12:40,Nigeria,RTGS,DEV-01-C116,Utilities
T001787,C130,B151,9466.16,2025-03-23 19:24:29,USA,RTGS,DEV-03-C130,Utilities
T000017,C001,B167,8042.28,2025-03-23 19:59:14,India,IMPS,DEV-01-C001,Fuel
T001035,C075,B042,5286.76,2025-03-23 21:36:19,UAE,NEFT,DEV-02-C075,Healthcare
T000311,C020,B152,7670.67,2025-03-23 23:39:38,India,RTGS,DEV-03-C020,Jewelry
T001989,C145,B161,54082.27,2025-03-24 01:33:54,India,Cash Deposit,DEV-01-C145,Utilities
T000210,C012,B234,10568.76,2025-03-24 01:42:03,Singapore,IMPS,DEV-02-C012,Entertainment
T000508,C035,B256,20411.21,2025-03-24 01:45:40,UK,Cash Deposit,DEV-02-C035,Crypto Exchange
T000262,C016,B180,12696.41,2025-03-24 01:51:46,USA,UPI,DEV-01-C016,Dining
T000766,C055,B154,8450.03,2025-03-24 01:58:10,UAE,Cash Deposit,DEV-03-C055,Travel
T000862,C063,B300,36466.36,2025-03-24 03:21:21,Singapore,NEFT,DEV-02-C063,Entertainment
T001136,C083,B258,8737.3,2025-03-24 03:38:41,USA,SWIFT,DEV-03-C083,Fuel
T000690,C050,B057,6432.94,2025-03-24 04:26:36,USA,UPI,DEV-01-C050,Fuel
T000480,C032,B231,11243.13,2025-03-24 05:57:49,Singapore,NEFT,DEV-03-C032,Electronics
T001236,C091,B207,48900.7,2025-03-24 07:08:12,UAE,UPI,DEV-01-C091,Fuel
T001723,C125,B099,4573.9,2025-03-24 07:12:27,Nigeria,NEFT,DEV-03-C125,Jewelry
T000355,C022,B074,14495.37,2025-03-24 09:32:34,USA,Cash Deposit,DEV-02-C022,Groceries
T000556,C037,B012,9235.66,2025-03-24 10:43:58,Singapore,Cash Deposit,DEV-01-C037,Travel
T001397,C101,B276,18954.89,2025-03-24 11:21:54,UK,Cash Deposit,DEV-03-C101,Utilities
T000696,C051,B201,8364.61,2025-03-24 14:24:26,USA,NEFT,DEV-01-C051,Crypto Exchange
T001444,C105,B259,24155.62,2025-03-24 15:39:55,Nigeria,SWIFT,DEV-02-C105,Crypto Exchange
T000056,C003,B042,26048.11,2025-03-24 15:46:18,UAE,NEFT,DEV-03-C003,Utilities
T001261,C092,B040,30602.0,2025-03-24 16:00:40,Singapore,UPI,DEV-01-C092,Crypto Exchange
T000805,C059,B005,5191.83,2025-03-24 17:18:03,UAE,Cash Deposit,DEV-03-C059,Travel
T001755,C127,B170,3831.85,2025-03-24 17:19:26,USA,RTGS,DEV-02-C127,Crypto Exchange
T001137,C083,B095,7368.42,2025-03-24 17:36:19,UK,SWIFT,DEV-02-C083,Travel
T000660,C047,B136,26718.3,2025-03-24 18:25:38,India,NEFT,DEV-01-C047,Dining
T000252,C015,B059,10739.97,2025-03-24 19:09:03,Nigeria,Cash Deposit,DEV-03-C015,Electronics
T001300,C093,B274,24165.92,2025-03-24 20:25:52,Singapore,NEFT,DEV-02-C093,Dining
T001028,C074,B097,25798.6,2025-03-24 20:45:26,India,IMPS,DEV-01-C074,Dining
T001725,C125,B027,17767.67,2025-03-24 21:38:15,Singapore,SWIFT,DEV-02-C125,Dining
T001870,C136,B219,10647.22,2025-03-24 22:03:45,India,UPI,DEV-03-C136,Jewelry
T001473,C108,B288,3447.7,2025-03-24 22:46:59,UAE,RTGS,DEV-01-C108,Healthcare
T001791,C131,B071,26679.36,2025-03-25 00:17:33,Nigeria,Cash Deposit,DEV-03-C131,Dining
T001346,C096,B284,5924.97,2025-03-25 00:18:13,UAE,NEFT,DEV-02-C096,Jewelry
T000234,C014,B121,12185.01,2025-03-25 01:20:36,Singapore,NEFT,DEV-03-C014,Fuel
T001923,C140,B288,29148.62,2025-03-25 02:57:11,UK,IMPS,DEV-01-C140,Dining
T001283,C093,B045,21242.54,2025-03-25 03:39:06,USA,IMPS,DEV-02-C093,Crypto Exchange
T000823,C060,B046,22725.33,2025-03-25 03:59:51,UK,SWIFT,DEV-02-C060,Utilities
T000112,C007,B011,18962.81,2025-03-25 04:19:49,USA,SWIFT,DEV-02-C007,Groceries
T001452,C105,B097,24909.82,2025-03-25 04:25:39,India,SWIFT,DEV-03-C105,Fuel
T000751,C054,B110,11248.16,2025-03-25 05:12:49,UAE,Cash Deposit,DEV-01-C054,Electronics
T000587,C039,B137,8242.53,2025-03-25 07:19:26,USA,Cash Deposit,DEV-01-C039,Travel
T000995,C072,B288,13788.75,2025-03-25 08:27:16,USA,NEFT,DEV-02-C072,Utilities
T001522,C110,B108,17190.71,2025-03-25 10:35:10,UAE,SWIFT,DEV-03-C110,Fuel
T001507,C109,B029,36875.28,2025-03-25 10:58:33,India,UPI,DEV-03-C109,Dining
T001810,C133,B168,21186.79,2025-03-25 11:15:47,UK,SWIFT,DEV-01-C133,Utilities
T000606,C040,B062,13071.15,2025-03-25 12:44:17,UK,Cash Deposit,DEV-01-C040,Entertainment
T000843,C061,B281,8407.32,2025-03-25 13:35:38,Singapore,Cash Deposit,DEV-03-C061,Jewelry
T000583,C039,B180,15483.58,2025-03-25 14:23:19,Nigeria,RTGS,DEV-03-C039,Healthcare
T001238,C091,B057,22590.77,2025-03-25 14:51:10,Singapore,NEFT,DEV-01-C091,Healthcare
T000386,C023,B161,1337.6,2025-03-25 15:24:20,Nigeria,UPI,DEV-03-C023,Fuel
T001347,C096,B251,19878.45,2025-03-25 17:04:09,UAE,RTGS,DEV-02-C096,Entertainment
T000775,C056,B162,2647.24,2025-03-25 17:31:24,Nigeria,IMPS,DEV-01-C056,Entertainment
T001867,C136,B140,14733.29,2025-03-25 17:35:49,UK,NEFT,DEV-02-C136,Healthcare
T000812,C059,B015,16469.92,2025-03-25 17:56:50,Nigeria,Cash Deposit,DEV-01-C059,Entertainment
T000188,C011,B070,12033.88,2025-03-25 21:19:43,India,UPI,DEV-02-C011,Fuel
T000291,C019,B166,11462.55,2025-03-25 21:50:28,Nigeria,UPI,DEV-01-C019,Entertainment
T002026,C147,B047,7138.8,2025-03-25 22:04:54,India,SWIFT,DEV-02-C147,Jewelry
T000077,C004,B122,5496.5,2025-03-25 22:40:38,UAE,IMPS,DEV-02-C004,Groceries
T000213,C013,B290,12241.31,2025-03-25 23:45:11,Nigeria,Cash Deposit,DEV-01-C013,Crypto Exchange
T001794,C132,B077,25555.27,2025-03-26 00:40:56,UK,IMPS,DEV-01-C132,Electronics
T000345,C021,B025,10735.79,2025-03-26 01:27:22,Nigeria,UPI,DEV-02-C021,Utilities
T001803,C132,B294,6146.81,2025-03-26 04:07:39,UK,SWIFT,DEV-01-C132,Healthcare
T001115,C082,B150,7024.83,2025-03-26 05:12:46,Nigeria,SWIFT,DEV-01-C082,Healthcare
T001090,C079,B214,31074.14,2025-03-26 06:11:34,India,IMPS,DEV-03-C079,Crypto Exchange
T001897,C139,B056,33353.66,2025-03-26 07:25:48,Nigeria,IMPS,DEV-01-C139,Dining
T001107,C081,B076,19365.48,2025-03-26 08:20:22,Singapore,NEFT,DEV-02-C081,Utilities
T002121,C910,C911,250000.0,2025-03-26 08:28:46,India,UPI,DEV-01-C910,Travel
T000739,C053,B051,13076.52,2025-03-26 08:41:01,UAE,IMPS,DEV-02-C053,Entertainment
T002122,C911,C912,240000.0,2025-03-26 09:28:46,Nigeria,SWIFT,DEV-01-C911,Utilities
T002123,C912,C910,230000.0,2025-03-26 10:28:46,Nigeria,IMPS,DEV-01-C912,Travel
T000748,C054,B091,1568.05,2025-03-26 12:22:01,UK,RTGS,DEV-03-C054,Fuel
T000285,C018,B203,4992.11,2025-03-26 12:28:08,Singapore,Cash Deposit,DEV-02-C018,Electronics
T000197,C011,B210,18068.93,2025-03-26 13:25:15,Nigeria,IMPS,DEV-01-C011,Entertainment
T001593,C116,B133,30479.93,2025-03-26 15:00:43,Nigeria,NEFT,DEV-02-C116,Jewelry
T000414,C026,B242,2321.99,2025-03-26 17:48:45,Nigeria,Cash Deposit,DEV-01-C026,Travel
T001773,C129,B144,5718.05,2025-03-26 17:53:29,UAE,RTGS,DEV-03-C129,Entertainment
T000319,C020,B071,17545.58,2025-03-26 18:14:30,Singapore,NEFT,DEV-03-C020,Entertainment
T000730,C053,B235,59210.43,2025-03-26 19:19:26,India,Cash Deposit,DEV-03-C053,Crypto Exchange
T000259,C015,B182,12433.92,2025-03-26 19:39:09,Nigeria,SWIFT,DEV-03-C015,Groceries
T000482,C032,B021,15127.39,2025-03-26 19:40:59,India,IMPS,DEV-03-C032,Jewelry
T001357,C097,B071,12021.06,2025-03-26 21:01:53,Nigeria,SWIFT,DEV-01-C097,Fuel
T000581,C039,B153,15480.03,2025-03-26 22:27:16,India,SWIFT,DEV-02-C039,Fuel
T001913,C140,B267,39633.71,2025-03-27 01:46:23,USA,Cash Deposit,DEV-03-C140,Groceries
T000433,C028,B149,19104.82,2025-03-27 02:57:34,India,NEFT,DEV-02-C028,Crypto Exchange
T001552,C113,B174,3927.15,2025-03-27 05:38:51,UK,IMPS,DEV-01-C113,Fuel
T001418,C102,B237,8309.61,2025-03-27 06:37:39,Nigeria,IMPS,DEV-02-C102,Travel
T001768,C129,B223,7917.56,2025-03-27 06:47:31,Nigeria,NEFT,DEV-01-C129,Travel
T000929,C068,B010,29740.52,2025-03-27 07:04:27,Nigeria,Cash Deposit,DEV-03-C068,Dining
T001620,C117,B184,12681.33,2025-03-27 12:39:36,Singapore,UPI,DEV-03-C117,Travel
T000600,C040,B068,21268.94,2025-03-27 15:33:11,Nigeria,UPI,DEV-01-C040,Dining
T001840,C134,B113,28292.3,2025-03-27 15:52:31,India,Cash Deposit,DEV-01-C134,Travel
T001822,C134,B141,10574.24,2025-03-27 16:30:14,Nigeria,RTGS,DEV-02-C134,Utilities
T001057,C078,B095,19808.55,2025-03-27 17:22:53,India,RTGS,DEV-02-C078,Crypto Exchange
T000270,C016,B044,7333.61,2025-03-27 18:20:11,India,IMPS,DEV-01-C016,Crypto Exchange
T001705,C124,B163,23048.31,2025-03-27 19:42:35,Nigeria,UPI,DEV-03-C124,Dining
T001511,C110,B255,20893.08,2025-03-27 21:11:07,India,IMPS,DEV-03-C110,Utilities
T001877,C137,B210,14821.73,2025-03-27 22:11:54,India,NEFT,DEV-02-C137,Crypto Exchange
T001749,C127,B299,7999.11,2025-03-27 22:42:59,USA,IMPS,DEV-01-C127,Entertainment
T001141,C084,B235,10225.47,2025-03-28 04:13:38,UAE,SWIFT,DEV-02-C084,Groceries
T001610,C116,B214,17034.23,2025-03-28 07:50:51,UK,NEFT,DEV-02-C116,Crypto Exchange
T000170,C009,B021,20379.16,2025-03-28 08:30:19,UK,Cash Deposit,DEV-02-C009,Crypto Exchange
T000826,C060,B156,4264.74,2025-03-28 10:06:31,USA,RTGS,DEV-01-C060,Entertainment
T001122,C082,B199,2668.39,2025-03-28 10:47:14,India,RTGS,DEV-02-C082,Electronics
T000927,C068,B021,5095.59,2025-03-28 11:42:32,USA,IMPS,DEV-01-C068,Travel
T000904,C067,B072,6665.38,2025-03-28 12:52:21,USA,IMPS,DEV-02-C067,Utilities
T000460,C031,B192,10388.33,2025-03-28 12:57:28,UK,SWIFT,DEV-02-C031,Healthcare
T000905,C067,B039,14640.82,2025-03-28 14:45:20,India,RTGS,DEV-03-C067,Groceries
T002009,C146,B220,2903.83,2025-03-28 14:57:40,UAE,RTGS,DEV-02-C146,Utilities
T001711,C124,B016,1629.23,2025-03-28 15:50:38,Nigeria,SWIFT,DEV-03-C124,Utilities
T001359,C098,B198,40794.9,2025-03-28 17:51:11,Nigeria,UPI,DEV-03-C098,Groceries
T001245,C091,B234,24839.87,2025-03-28 18:11:53,Nigeria,RTGS,DEV-02-C091,Crypto Exchange
T001669,C120,B025,2887.03,2025-03-28 19:45:37,Singapore,UPI,DEV-01-C120,Travel
T000975,C071,B112,5066.22,2025-03-28 19:54:28,USA,UPI,DEV-01-C071,Electronics
T000509,C035,B049,28374.69,2025-03-28 21:00:52,USA,NEFT,DEV-01-C035,Electronics
T002042,C149,B178,24018.32,2025-03-28 21:17:54,Singapore,SWIFT,DEV-03-C149,Utilities
T001335,C096,B037,12490.02,2025-03-28 21:41:08,UAE,Cash Deposit,DEV-02-C096,Crypto Exchange
T001560,C114,B060,5419.52,2025-03-28 21:54:33,UK,NEFT,DEV-02-C114,Fuel
T000755,C054,B217,10447.06,2025-03-28 22:37:35,UK,UPI,DEV-02-C054,Dining
T000679,C049,B016,18419.53,2025-03-28 23:16:59,Singapore,NEFT,DEV-02-C049,Jewelry
T001284,C093,B095,3054.88,2025-03-28 23:50:06,India,Cash Deposit,DEV-01-C093,Dining
T001919,C140,B244,13880.37,2025-03-29 03:21:06,Nigeria,NEFT,DEV-03-C140,Travel
T000874,C064,B152,12325.46,2025-03-29 05:08:52,Nigeria,IMPS,DEV-02-C064,Jewelry
T001160,C086,B061,20556.31,2025-03-29 05:45:15,UAE,IMPS,DEV-01-C086,Crypto Exchange
T000248,C015,B038,21171.13,2025-03-29 07:26:36,India,UPI,DEV-03-C015,Travel
T001371,C098,B273,18959.89,2025-03-29 07:52:23,Singapore,SWIFT,DEV-03-C098,Fuel
T001672,C120,B232,8168.56,2025-03-29 09:49:17,Singapore,SWIFT,DEV-02-C120,Crypto Exchange
T000724,C053,B293,25855.83,2025-03-29 10:12:44,USA,RTGS,DEV-03-C053,Crypto Exchange
T001508,C109,B033,19190.88,2025-03-29 10:29:29,UK,UPI,DEV-03-C109,Utilities
T002013,C146,B170,10128.62,2025-03-29 11:28:37,India,IMPS,DEV-03-C146,Electronics
T001443,C104,B088,13941.61,2025-03-29 13:01:14,USA,NEFT,DEV-03-C104,Utilities
T000235,C014,B279,30638.56,2025-03-29 13:06:16,Nigeria,UPI,DEV-01-C014,Healthcare
T001076,C078,B181,5913.66,2025-03-29 14:56:32,Singapore,RTGS,DEV-02-C078,Fuel
T000668,C048,B102,16453.42,2025-03-29 14:58:05,Nigeria,SWIFT,DEV-01-C048,Utilities
T001555,C114,B145,13011.26,2025-03-29 15:39:33,Singapore,RTGS,DEV-02-C114,Jewelry
T000216,C013,B050,13463.81,2025-03-29 17:04:59,Nigeria,Cash Deposit,DEV-01-C013,Dining
T001812,C133,B200,22254.02,2025-03-29 17:30:41,UAE,IMPS,DEV-01-C133,Dining
T001295,C093,B169,18407.06,2025-03-29 19:54:41,UK,RTGS,DEV-01-C093,Jewelry
T000069,C004,B129,13965.11,2025-03-29 21:35:12,India,NEFT,DEV-03-C004,Healthcare
T000040,C002,B035,11506.3,2025-03-29 21:46:53,India,UPI,DEV-01-C002,Jewelry
T001413,C101,B252,7265.5,2025-03-30 00:58:52,Nigeria,Cash Deposit,DEV-01-C101,Groceries
T000117,C007,B014,6360.49,2025-03-30 01:17:50,UK,RTGS,DEV-03-C007,Groceries
T001311,C094,B242,27549.52,2025-03-30 01:52:47,USA,NEFT,DEV-01-C094,Travel
T001823,C134,B112,34004.93,2025-03-30 05:30:34,UK,SWIFT,DEV-03-C134,Utilities
T002068,C150,B233,19474.22,2025-03-30 06:25:44,Nigeria,SWIFT,DEV-01-C150,Jewelry
T001641,C119,B161,40746.58,2025-03-30 06:39:41,Singapore,NEFT,DEV-02-C119,Jewelry
T001128,C083,B269,32901.36,2025-03-30 07:26:05,UAE,SWIFT,DEV-01-C083,Crypto Exchange
T000218,C013,B047,19166.32,2025-03-30 07:35:11,Singapore,UPI,DEV-03-C013,Healthcare
T000942,C069,B120,30268.54,2025-03-30 08:39:09,India,UPI,DEV-03-C069,Jewelry
T001263,C092,B090,2108.52,2025-03-30 08:45:36,USA,Cash Deposit,DEV-01-C092,Entertainment
T001922,C140,B194,1266.95,2025-03-30 08:50:35,Nigeria,Cash Deposit,DEV-03-C140,Healthcare
T001480,C108,B044,20501.52,2025-03-30 09:21:36,Nigeria,NEFT,DEV-02-C108,Utilities
T001965,C143,B268,1928.21,2025-03-30 10:16:42,Singapore,RTGS,DEV-03-C143,Jewelry
T000728,C053,B164,19298.08,2025-03-30 10:19:41,Nigeria,NEFT,DEV-01-C053,Healthcare
T001628,C117,B106,35059.39,2025-03-30 10:45:02,Singapore,IMPS,DEV-03-C117,Dining
T000753,C054,B243,10146.14,2025-03-30 11:59:05,UAE,Cash Deposit,DEV-01-C054,Crypto Exchange
T000220,C013,B257,6874.69,2025-03-30 16:34:44,Singapore,IMPS,DEV-02-C013,Entertainment
T001350,C096,B077,29427.85,2025-03-30 17:12:10,USA,NEFT,DEV-02-C096,Groceries
T001999,C146,B174,13687.86,2025-03-30 17:52:46,Nigeria,IMPS,DEV-03-C146,Utilities
T001186,C087,B246,20427.12,2025-03-30 22:48:52,UK,NEFT,DEV-03-C087,Travel
